y_px,x_px,sigma_px,height_nm,mean_nm,baseline_nm,area_px,x_nm,y_nm,method
493.0,182.0,5.807980537414551,1831.412841796875,1772.2528076171875,715.1640625,213,1066.40625,2888.671875,baseline
32.0,484.0,4.846384048461914,1864.0548706054688,1576.565673828125,334.26617431640625,145,2835.9375,187.5,baseline
314.0,455.0,4.846384048461914,1757.650146484375,1419.90283203125,364.828369140625,145,2666.015625,1839.84375,baseline
423.0,339.0,4.846384048461914,1675.1906127929688,1442.338134765625,474.24542236328125,145,1986.328125,2478.515625,baseline
355.0,500.0,4.846384048461914,1319.034423828125,1708.845947265625,1076.615234375,145,2929.6875,2080.078125,baseline
237.0,44.0,4.846384048461914,1275.5976257324219,1190.112548828125,355.5757141113281,145,257.8125,1388.671875,baseline
231.0,501.0,3.8847882747650146,1467.5106658935547,968.1612548828125,218.7749786376953,97,2935.546875,1353.515625,baseline
241.0,67.0,3.8847882747650146,1392.0109558105469,951.7151489257812,236.69485473632812,97,392.578125,1412.109375,baseline
231.0,140.0,2.923192024230957,1112.5666809082031,1000.9017944335938,283.8274841308594,57,820.3125,1353.515625,baseline
235.0,227.0,3.8847882747650146,1116.027099609375,916.142333984375,250.2373046875,97,1330.078125,1376.953125,baseline
251.0,379.0,3.8847882747650146,1267.2035217285156,934.23974609375,262.9898376464844,97,2220.703125,1470.703125,baseline
231.0,175.0,2.923192024230957,1261.4365844726562,992.69091796875,321.25921630859375,57,1025.390625,1353.515625,baseline
137.0,28.0,2.923192024230957,1172.0334777832031,974.1697998046875,257.4867858886719,57,164.0625,802.734375,baseline
231.0,293.0,2.923192024230957,1232.0194702148438,1031.0474853515625,353.17279052734375,57,1716.796875,1353.515625,baseline
243.0,260.0,3.8847882747650146,1103.2642517089844,893.6879272460938,261.2550354003906,97,1523.4375,1423.828125,baseline
113.0,311.0,3.8847882747650146,1135.030502319336,801.8803100585938,172.98121643066406,97,1822.265625,662.109375,baseline
322.0,206.0,3.8847882747650146,1196.8045654296875,981.4367065429688,382.68701171875,97,1207.03125,1886.71875,baseline
445.0,256.0,3.8847882747650146,1067.7452697753906,896.400146484375,311.4488220214844,97,1500.0,2607.421875,baseline
253.0,492.0,3.8847882747650146,1060.0349731445312,910.4660034179688,307.44354248046875,97,2882.8125,1482.421875,baseline
432.0,286.0,2.923192024230957,1079.6844482421875,1166.3760986328125,509.5198974609375,57,1675.78125,2531.25,baseline
256.0,288.0,3.8847882747650146,1214.4149475097656,876.7366943359375,326.2112731933594,97,1687.5,1500.0,baseline
436.0,63.0,3.8847882747650146,1160.6625366210938,1014.1229248046875,505.53533935546875,97,369.140625,2554.6875,baseline
472.0,456.0,3.8847882747650146,1000.0162353515625,995.0654296875,436.2078857421875,97,2671.875,2765.625,baseline
306.0,294.0,3.8847882747650146,1176.885498046875,860.934814453125,316.3365478515625,97,1722.65625,1792.96875,baseline
229.0,13.0,3.8847882747650146,1313.059326171875,789.6093139648438,266.642578125,97,76.171875,1341.796875,baseline
379.0,439.0,3.8847882747650146,1055.2872314453125,1072.7666015625,564.1749267578125,97,2572.265625,2220.703125,baseline
236.0,424.0,2.923192024230957,1046.6904296875,871.431396484375,220.4326171875,57,2484.375,1382.8125,baseline
310.0,231.0,3.8847882747650146,955.7959289550781,983.6172485351562,408.4192810058594,97,1353.515625,1816.40625,baseline
317.0,87.0,3.8847882747650146,993.603759765625,949.7010498046875,438.7393798828125,97,509.765625,1857.421875,baseline
270.0,511.0,4.846384048461914,951.4360046386719,773.3499145507812,222.79690551757812,79,2994.140625,1582.03125,baseline
22.0,186.0,3.8847882747650146,1052.8290405273438,877.3123168945312,350.91998291015625,97,1089.84375,128.90625,baseline
282.0,451.0,3.8847882747650146,985.419189453125,837.8845825195312,348.0989990234375,97,2642.578125,1652.34375,baseline
465.0,142.0,2.923192024230957,971.6268920898438,980.6515502929688,362.65032958984375,57,832.03125,2724.609375,baseline
44.0,358.0,3.8847882747650146,940.9058837890625,919.036865234375,494.76025390625,97,2097.65625,257.8125,baseline
35.0,69.0,2.923192024230957,934.7697143554688,1039.0621337890625,490.95904541015625,57,404.296875,205.078125,baseline
297.0,385.0,3.8847882747650146,1102.8676147460938,933.5560302734375,423.41522216796875,97,2255.859375,1740.234375,baseline
139.0,505.0,2.923192024230957,1003.6572875976562,968.0151977539062,383.18646240234375,57,2958.984375,814.453125,baseline
329.0,172.0,3.8847882747650146,1050.3988342285156,848.0704956054688,327.1954040527344,97,1007.8125,1927.734375,baseline
347.0,375.0,3.8847882747650146,1252.8861083984375,955.826416015625,460.5555419921875,97,2197.265625,2033.203125,baseline
235.0,203.0,2.923192024230957,970.5033721923828,839.76904296875,240.4104461669922,57,1189.453125,1376.953125,baseline
411.0,511.0,3.8847882747650146,1050.5395812988281,917.3265380859375,424.6879577636719,54,2994.140625,2408.203125,baseline
59.0,405.0,2.923192024230957,1095.0662231445312,937.66796875,400.11297607421875,57,2373.046875,345.703125,baseline
158.0,353.0,2.923192024230957,1028.1299438476562,876.8333740234375,321.43927001953125,57,2068.359375,925.78125,baseline
152.0,384.0,3.8847882747650146,937.5503540039062,853.986083984375,342.54473876953125,97,2250.0,890.625,baseline
256.0,47.0,3.8847882747650146,976.5827331542969,795.8036499023438,304.4725646972656,97,275.390625,1500.0,baseline
306.0,358.0,3.8847882747650146,939.5308837890625,811.95263671875,298.9915771484375,97,2097.65625,1792.96875,baseline
47.0,253.0,2.923192024230957,946.5741882324219,949.3355712890625,364.0630187988281,57,1482.421875,275.390625,baseline
122.0,190.0,2.923192024230957,960.7188720703125,839.4588623046875,293.9603271484375,57,1113.28125,714.84375,baseline
421.0,183.0,3.8847882747650146,1124.8121948242188,839.0263671875,347.29913330078125,97,1072.265625,2466.796875,baseline
191.0,214.0,3.8847882747650146,1015.7573547363281,865.7111206054688,367.7872009277344,97,1253.90625,1119.140625,baseline
344.0,82.0,3.8847882747650146,973.021240234375,857.2842407226562,367.9466552734375,97,480.46875,2015.625,baseline
408.0,62.0,3.8847882747650146,954.1605529785156,896.6856689453125,439.1558532714844,97,363.28125,2390.625,baseline
51.0,462.0,3.8847882747650146,940.53759765625,931.3604736328125,450.3466796875,97,2707.03125,298.828125,baseline
205.0,494.0,3.8847882747650146,885.6338806152344,675.0401611328125,164.92080688476562,97,2894.53125,1201.171875,baseline
396.0,113.0,3.8847882747650146,1038.6158752441406,876.7222900390625,406.9073181152344,97,662.109375,2320.3125,baseline
500.0,42.0,3.8847882747650146,963.2475891113281,872.3653564453125,397.3608093261719,97,246.09375,2929.6875,baseline
265.0,77.0,3.8847882747650146,990.3277587890625,735.93115234375,267.9508056640625,97,451.171875,1552.734375,baseline
272.0,264.0,3.8847882747650146,1036.8399658203125,851.5460815429688,364.5452880859375,97,1546.875,1593.75,baseline
118.0,288.0,2.923192024230957,1061.5859680175781,765.8248901367188,231.04953002929688,57,1687.5,691.40625,baseline
290.0,476.0,2.923192024230957,881.0387878417969,930.156982421875,399.7879943847656,57,2789.0625,1699.21875,baseline
238.0,118.0,2.923192024230957,904.7792510986328,814.7286376953125,252.0550994873047,57,691.40625,1394.53125,baseline
450.0,479.0,3.8847882747650146,1011.5910339355469,764.0148315429688,295.8241271972656,97,2806.640625,2636.71875,baseline
23.0,340.0,2.923192024230957,995.2000732421875,758.2857666015625,224.2550048828125,57,1992.1875,134.765625,baseline
380.0,247.0,2.923192024230957,903.1942749023438,827.423095703125,329.35406494140625,57,1447.265625,2226.5625,baseline
292.0,244.0,3.8847882747650146,940.9403686523438,858.4425048828125,396.60308837890625,97,1429.6875,1710.9375,baseline
110.0,161.0,2.923192024230957,898.3429565429688,769.68017578125,238.84613037109375,57,943.359375,644.53125,baseline
425.0,236.0,3.8847882747650146,1085.3758544921875,770.486328125,327.374267578125,97,1382.8125,2490.234375,baseline
253.0,183.0,3.8847882747650146,973.7904052734375,757.0077514648438,295.2965087890625,97,1072.265625,1482.421875,baseline
231.0,387.0,2.923192024230957,949.7713317871094,691.0838623046875,239.57742309570312,57,2267.578125,1353.515625,baseline
108.0,341.0,2.923192024230957,910.7646484375,716.847900390625,200.4422607421875,57,1998.046875,632.8125,baseline
129.0,358.0,3.8847882747650146,845.7698059082031,723.2327880859375,265.5115661621094,97,2097.65625,755.859375,baseline
195.0,88.0,3.8847882747650146,949.3768310546875,876.2861328125,405.078125,97,515.625,1142.578125,baseline
286.0,96.0,3.8847882747650146,894.1170654296875,832.7711181640625,378.9903564453125,97,562.5,1675.78125,baseline
157.0,158.0,2.923192024230957,938.7616577148438,840.44482421875,329.93585205078125,57,925.78125,919.921875,baseline
476.0,377.0,2.923192024230957,1024.796142578125,885.1392822265625,322.2325439453125,57,2208.984375,2789.0625,baseline
210.0,159.0,2.923192024230957,792.9447021484375,934.3170776367188,489.3187255859375,57,931.640625,1230.46875,baseline
298.0,66.0,2.923192024230957,822.767333984375,986.12890625,474.8551025390625,57,386.71875,1746.09375,baseline
123.0,130.0,3.8847882747650146,918.8288879394531,876.8258666992188,470.7218933105469,97,761.71875,720.703125,baseline
487.0,232.0,3.8847882747650146,902.1446838378906,858.5020141601562,424.3266296386719,97,1359.375,2853.515625,baseline
171.0,69.0,3.8847882747650146,871.2616577148438,870.7434692382812,409.72808837890625,97,404.296875,1001.953125,baseline
258.0,214.0,3.8847882747650146,862.6617431640625,744.0424194335938,295.5042724609375,97,1253.90625,1511.71875,baseline
74.0,272.0,2.923192024230957,814.0940856933594,745.6126098632812,257.6794738769531,57,1593.75,433.59375,baseline
133.0,459.0,2.923192024230957,893.1864013671875,788.3448486328125,342.4686279296875,57,2689.453125,779.296875,baseline
465.0,69.0,3.8847882747650146,795.7766723632812,884.2849731445312,462.54571533203125,97,404.296875,2724.609375,baseline
110.0,501.0,2.923192024230957,917.6973266601562,865.9088745117188,394.64642333984375,57,2935.546875,644.53125,baseline
92.0,228.0,2.923192024230957,946.1898193359375,749.7298583984375,276.5225830078125,57,1335.9375,539.0625,baseline
441.0,315.0,2.923192024230957,965.8706970214844,851.2626342773438,366.0992736816406,57,1845.703125,2583.984375,baseline
86.0,323.0,3.8847882747650146,864.8705749511719,689.0556640625,250.54605102539062,97,1892.578125,503.90625,baseline
416.0,132.0,2.923192024230957,969.066162109375,902.799072265625,435.05078125,57,773.4375,2437.5,baseline
245.0,98.0,2.923192024230957,978.2878265380859,713.26123046875,237.62391662597656,57,574.21875,1435.546875,baseline
96.0,367.0,2.923192024230957,935.19384765625,711.4312744140625,192.6181640625,57,2150.390625,562.5,baseline
415.0,157.0,2.923192024230957,871.6846923828125,814.9229736328125,339.8968505859375,57,919.921875,2431.640625,baseline
276.0,166.0,3.8847882747650146,860.4693603515625,709.2535400390625,293.3310546875,97,972.65625,1617.1875,baseline
494.0,201.0,2.923192024230957,875.1741638183594,947.2667846679688,495.7079162597656,57,1177.734375,2894.53125,baseline
505.0,328.0,2.923192024230957,989.2443237304688,820.0400390625,309.26885986328125,57,1921.875,2958.984375,baseline
399.0,223.0,2.923192024230957,880.3311767578125,754.203857421875,320.08349609375,57,1306.640625,2337.890625,baseline
461.0,268.0,2.923192024230957,930.9539184570312,797.0255126953125,330.19110107421875,57,1570.3125,2701.171875,baseline
0.0,311.0,3.8847882747650146,799.8662109375,701.4928588867188,339.818359375,54,1822.265625,0.0,baseline
298.0,187.0,3.8847882747650146,879.2003784179688,735.829345703125,330.12933349609375,97,1095.703125,1746.09375,baseline
383.0,278.0,2.923192024230957,748.4844970703125,885.4230346679688,451.3978271484375,57,1628.90625,2244.140625,baseline
504.0,387.0,2.923192024230957,864.1386871337891,721.3424072265625,210.64268493652344,57,2267.578125,2953.125,baseline
197.0,184.0,2.923192024230957,887.165771484375,837.5599365234375,350.9615478515625,57,1078.125,1154.296875,baseline
392.0,391.0,2.923192024230957,920.4506530761719,793.5867309570312,343.8116760253906,57,2291.015625,2296.875,baseline
169.0,511.0,3.8847882747650146,836.375,792.3822631835938,388.96630859375,54,2994.140625,990.234375,baseline
91.0,397.0,2.923192024230957,889.4779663085938,818.5377197265625,350.86859130859375,57,2326.171875,533.203125,baseline
502.0,446.0,2.923192024230957,753.9451904296875,777.6945190429688,303.6417236328125,57,2613.28125,2941.40625,baseline
296.0,215.0,2.923192024230957,985.8561706542969,852.7696533203125,398.3760070800781,57,1259.765625,1734.375,baseline
241.0,313.0,3.8847882747650146,1038.4775695800781,685.5296630859375,248.50802612304688,97,1833.984375,1412.109375,baseline
142.0,247.0,2.923192024230957,878.3075561523438,811.5670776367188,368.52301025390625,57,1447.265625,832.03125,baseline
374.0,299.0,2.923192024230957,833.5723266601562,936.68505859375,490.76519775390625,57,1751.953125,2191.40625,baseline
201.0,384.0,2.923192024230957,895.6390380859375,889.826416015625,444.3980712890625,57,2250.0,1177.734375,baseline
330.0,115.0,2.923192024230957,822.3121643066406,797.9315185546875,331.2503356933594,57,673.828125,1933.59375,baseline
99.0,457.0,2.923192024230957,787.0498962402344,658.8986206054688,227.08639526367188,57,2677.734375,580.078125,baseline
358.0,484.0,2.923192024230957,863.9847717285156,820.123291015625,310.3787536621094,57,2835.9375,2097.65625,baseline
45.0,280.0,2.923192024230957,823.8495330810547,745.2882690429688,251.1238555908203,57,1640.625,263.671875,baseline
257.0,444.0,3.8847882747650146,812.2598266601562,670.9242553710938,261.99774169921875,97,2601.5625,1505.859375,baseline
370.0,328.0,2.923192024230957,760.7364196777344,904.0966186523438,454.1627502441406,57,1921.875,2167.96875,baseline
253.0,331.0,3.8847882747650146,854.55712890625,656.93994140625,241.95263671875,97,1939.453125,1482.421875,baseline
511.0,225.0,2.923192024230957,754.907470703125,798.7299194335938,372.7037353515625,33,1318.359375,2994.140625,baseline
140.0,217.0,2.923192024230957,950.6871032714844,939.21337890625,472.0145568847656,57,1271.484375,820.3125,baseline
372.0,412.0,2.923192024230957,774.0234375,795.8888549804688,340.0966796875,57,2414.0625,2179.6875,baseline
83.0,148.0,2.923192024230957,750.2111206054688,865.000732421875,379.49822998046875,57,867.1875,486.328125,baseline
66.0,224.0,2.923192024230957,831.8054809570312,855.1622924804688,456.68109130859375,57,1312.5,386.71875,baseline
222.0,449.0,2.923192024230957,825.3232269287109,711.9464111328125,242.06385803222656,57,2630.859375,1300.78125,baseline
487.0,350.0,2.923192024230957,784.1728515625,813.6573486328125,430.0479736328125,57,2050.78125,2853.515625,baseline
216.0,411.0,2.923192024230957,795.0291137695312,850.4812622070312,379.00653076171875,57,2408.203125,1265.625,baseline
198.0,468.0,2.923192024230957,830.31689453125,756.349853515625,308.2232666015625,57,2742.1875,1160.15625,baseline
317.0,405.0,2.923192024230957,866.37255859375,838.1666870117188,414.5755615234375,57,2373.046875,1857.421875,baseline
312.0,329.0,3.8847882747650146,922.2948913574219,734.30517578125,341.5948791503906,97,1927.734375,1828.125,baseline
353.0,309.0,2.923192024230957,787.6472778320312,796.4207763671875,410.72064208984375,57,1810.546875,2068.359375,baseline
274.0,423.0,3.8847882747650146,855.980712890625,739.6398315429688,356.243408203125,97,2478.515625,1605.46875,baseline
305.0,158.0,3.8847882747650146,927.0736083984375,675.7898559570312,307.1173095703125,97,925.78125,1787.109375,baseline
331.0,143.0,3.8847882747650146,780.6453552246094,751.063232421875,380.5182189941406,97,837.890625,1939.453125,baseline
156.0,415.0,2.923192024230957,806.97802734375,897.3086547851562,421.2615966796875,57,2431.640625,914.0625,baseline
268.0,15.0,3.8847882747650146,944.5603332519531,643.84130859375,262.6340026855469,97,87.890625,1570.3125,baseline
332.0,281.0,2.923192024230957,774.2505493164062,786.1839599609375,342.96917724609375,57,1646.484375,1945.3125,baseline
178.0,288.0,2.923192024230957,795.5099487304688,832.1842651367188,359.06781005859375,57,1687.5,1042.96875,baseline
54.0,193.0,2.923192024230957,888.4732360839844,672.6195068359375,206.37283325195312,57,1130.859375,316.40625,baseline
357.0,263.0,3.8847882747650146,772.0146179199219,668.1093139648438,287.4228820800781,97,1541.015625,2091.796875,baseline
352.0,159.0,3.8847882747650146,823.3245544433594,791.4906005859375,413.6648254394531,97,931.640625,2062.5,baseline
442.0,130.0,3.8847882747650146,930.9192810058594,835.3901977539062,481.9012756347656,97,761.71875,2589.84375,baseline
335.0,0.0,3.8847882747650146,777.0852355957031,827.969482421875,486.7392272949219,54,0.0,1962.890625,baseline
462.0,169.0,2.923192024230957,821.4645385742188,872.827880859375,470.46868896484375,57,990.234375,2707.03125,baseline
455.0,39.0,3.8847882747650146,760.8236083984375,750.0194091796875,376.267578125,97,228.515625,2666.015625,baseline
479.0,407.0,2.923192024230957,811.482421875,706.8760375976562,284.7215576171875,57,2384.765625,2806.640625,baseline
149.0,88.0,2.923192024230957,812.3823547363281,783.8577880859375,346.6315612792969,57,515.625,873.046875,baseline
151.0,125.0,2.923192024230957,774.6920471191406,732.6874389648438,281.5122985839844,57,732.421875,884.765625,baseline
37.0,413.0,1.9615960121154785,724.5544128417969,783.5379638671875,273.2599182128906,21,2419.921875,216.796875,baseline
495.0,98.0,2.923192024230957,892.7198181152344,743.1973266601562,341.7499084472656,57,574.21875,2900.390625,baseline
388.0,142.0,2.923192024230957,794.4832458496094,759.0467529296875,355.3479309082031,57,832.03125,2273.4375,baseline
379.0,21.0,2.923192024230957,711.4241638183594,772.4522094726562,372.3130187988281,57,123.046875,2220.703125,baseline
220.0,360.0,2.923192024230957,737.40771484375,752.665283203125,328.6451416015625,57,2109.375,1289.0625,baseline
480.0,28.0,3.8847882747650146,941.67578125,768.5079956054688,430.494140625,97,164.0625,2812.5,baseline
499.0,281.0,2.923192024230957,803.2100219726562,668.4834594726562,245.31951904296875,57,1646.484375,2923.828125,baseline
51.0,149.0,2.923192024230957,800.2107849121094,637.5386962890625,200.46499633789062,57,873.046875,298.828125,baseline
65.0,302.0,2.923192024230957,710.7776489257812,681.5418701171875,257.69708251953125,57,1769.53125,380.859375,baseline
92.0,296.0,2.923192024230957,794.7692565917969,633.8641967773438,179.02951049804688,57,1734.375,539.0625,baseline
131.0,431.0,2.923192024230957,771.9951171875,624.4072265625,206.1708984375,57,2525.390625,767.578125,baseline
479.0,117.0,3.8847882747650146,719.080322265625,700.83056640625,349.63330078125,97,685.546875,2806.640625,baseline
164.0,209.0,2.923192024230957,781.00341796875,821.2721557617188,435.944580078125,57,1224.609375,960.9375,baseline
105.0,21.0,3.8847882747650146,737.76025390625,731.80419921875,381.1348876953125,97,123.046875,615.234375,baseline
477.0,191.0,1.9615960121154785,790.9563903808594,971.9126586914062,476.9779357910156,21,1119.140625,2794.921875,baseline
499.0,470.0,2.923192024230957,870.5106201171875,911.1124877929688,515.9610595703125,57,2753.90625,2923.828125,baseline
396.0,85.0,3.8847882747650146,716.2902221679688,788.3341674804688,432.99371337890625,97,498.046875,2320.3125,baseline
476.0,273.0,2.923192024230957,769.6925964355469,754.1753540039062,332.5681457519531,57,1599.609375,2789.0625,baseline
15.0,398.0,3.8847882747650146,772.0677490234375,649.3441772460938,267.4180908203125,97,2332.03125,87.890625,baseline
81.0,201.0,2.923192024230957,872.479736328125,675.0592041015625,252.8446044921875,57,1177.734375,474.609375,baseline
349.0,453.0,2.923192024230957,708.0645141601562,751.918212890625,350.59832763671875,57,2654.296875,2044.921875,baseline
464.0,99.0,2.923192024230957,923.9401245117188,712.5107421875,299.65899658203125,57,580.078125,2718.75,baseline
464.0,219.0,2.923192024230957,721.6599731445312,684.0349731445312,256.44842529296875,57,1283.203125,2718.75,baseline
333.0,491.0,2.923192024230957,675.8617858886719,857.7662353515625,431.1146545410156,57,2876.953125,1951.171875,baseline
19.0,156.0,2.923192024230957,754.5767669677734,680.54541015625,255.2597198486328,57,914.0625,111.328125,baseline
399.0,416.0,3.8847882747650146,911.4598388671875,673.8712158203125,317.2689208984375,97,2437.5,2337.890625,baseline
327.0,59.0,2.923192024230957,692.0368041992188,842.4625244140625,441.53302001953125,57,345.703125,1916.015625,baseline
98.0,69.0,2.923192024230957,777.6769104003906,691.1690673828125,292.5382995605469,57,404.296875,574.21875,baseline
59.0,382.0,1.9615960121154785,698.5924682617188,756.6060180664062,320.32684326171875,21,2238.28125,345.703125,baseline
156.0,444.0,2.923192024230957,719.9234619140625,676.8646240234375,294.8231201171875,57,2601.5625,914.0625,baseline
76.0,499.0,2.923192024230957,685.1954956054688,645.9334716796875,222.947265625,57,2923.828125,445.3125,baseline
403.0,256.0,2.923192024230957,678.8979187011719,718.0537109375,317.7412414550781,57,1500.0,2361.328125,baseline
72.0,352.0,3.8847882747650146,745.5346984863281,545.21728515625,183.37997436523438,97,2062.5,421.875,baseline
267.0,142.0,2.923192024230957,742.131591796875,715.4730834960938,303.766357421875,57,832.03125,1564.453125,baseline
281.0,291.0,2.923192024230957,716.07421875,731.0369873046875,356.377685546875,57,1705.078125,1646.484375,baseline
436.0,423.0,2.923192024230957,683.74560546875,669.874755859375,255.28472900390625,57,2478.515625,2554.6875,baseline
132.0,403.0,2.923192024230957,848.6961822509766,641.79345703125,247.66490173339844,57,2361.328125,773.4375,baseline
399.0,34.0,2.923192024230957,907.2198486328125,712.7096557617188,320.4007568359375,57,199.21875,2337.890625,baseline
419.0,313.0,2.923192024230957,678.9544677734375,814.0939331054688,437.716796875,57,1833.984375,2455.078125,baseline
119.0,235.0,2.923192024230957,802.1581420898438,782.3574829101562,432.03009033203125,57,1376.953125,697.265625,baseline
437.0,395.0,1.9615960121154785,675.393310546875,817.3094482421875,307.472900390625,21,2314.453125,2560.546875,baseline
175.0,134.0,2.923192024230957,606.2822265625,776.1690063476562,455.3939208984375,57,785.15625,1025.390625,baseline
371.0,93.0,3.8847882747650146,730.2579345703125,747.3736572265625,429.392578125,97,544.921875,2173.828125,baseline
494.0,144.0,2.923192024230957,694.8894653320312,730.319580078125,363.46136474609375,57,843.75,2894.53125,baseline
255.0,157.0,2.923192024230957,674.0708618164062,679.1318359375,258.24127197265625,57,919.921875,1494.140625,baseline
469.0,247.0,2.923192024230957,744.6668090820312,630.3474731445312,258.34222412109375,57,1447.265625,2748.046875,baseline
441.0,450.0,2.923192024230957,760.31396484375,713.1864624023438,335.0137939453125,57,2636.71875,2583.984375,baseline
483.0,165.0,1.9615960121154785,669.70703125,825.5928955078125,351.28173828125,21,966.796875,2830.078125,baseline
427.0,31.0,2.923192024230957,819.2769165039062,796.6657104492188,364.43585205078125,57,181.640625,2501.953125,baseline
413.0,287.0,2.923192024230957,698.119384765625,802.7203369140625,447.1558837890625,57,1681.640625,2419.921875,baseline
368.0,459.0,2.923192024230957,786.9742431640625,762.5090942382812,446.9656982421875,57,2689.453125,2156.25,baseline
130.0,104.0,1.9615960121154785,741.2801513671875,783.5165405273438,309.3594970703125,21,609.375,761.71875,baseline
51.0,20.0,3.8847882747650146,733.3364868164062,726.03173828125,420.09246826171875,97,117.1875,298.828125,baseline
80.0,93.0,2.923192024230957,683.316650390625,638.7185668945312,268.93402099609375,57,544.921875,468.75,baseline
133.0,65.0,2.923192024230957,587.634033203125,727.73779296875,422.14447021484375,57,380.859375,779.296875,baseline
346.0,192.0,1.9615960121154785,611.5250244140625,974.6563720703125,526.2952880859375,21,1125.0,2027.34375,baseline
45.0,434.0,2.923192024230957,734.5999755859375,717.5591430664062,353.4913330078125,57,2542.96875,263.671875,baseline
312.0,511.0,4.846384048461914,694.4468994140625,652.9588623046875,333.6966552734375,79,2994.140625,1828.125,baseline
353.0,347.0,2.923192024230957,652.3687133789062,750.2655029296875,421.06207275390625,57,2033.203125,2068.359375,baseline
0.0,131.0,4.846384048461914,573.9338684082031,710.2484741210938,440.4598083496094,79,767.578125,0.0,baseline
366.0,44.0,2.923192024230957,732.0673217773438,735.1538696289062,386.65655517578125,57,257.8125,2144.53125,baseline
451.0,199.0,1.9615960121154785,649.0939331054688,889.3895874023438,501.25616455078125,21,1166.015625,2642.578125,baseline
394.0,175.0,2.923192024230957,655.2451171875,637.958740234375,297.700927734375,57,1025.390625,2308.59375,baseline
258.0,470.0,2.923192024230957,638.686279296875,623.1417236328125,300.728515625,57,2753.90625,1511.71875,baseline
288.0,122.0,2.923192024230957,680.2544555664062,766.3140258789062,428.25091552734375,57,714.84375,1687.5,baseline
158.0,272.0,2.923192024230957,647.6630554199219,576.5919799804688,235.30679321289062,57,1593.75,925.78125,baseline
239.0,403.0,2.923192024230957,719.4988098144531,568.6145629882812,196.78707885742188,57,2361.328125,1400.390625,baseline
107.0,0.0,2.923192024230957,578.424072265625,639.9241943359375,301.74005126953125,33,0.0,626.953125,baseline
404.0,281.0,1.9615960121154785,583.7571411132812,835.2371826171875,425.14154052734375,21,1646.484375,2367.1875,baseline
397.0,336.0,2.923192024230957,608.2582702636719,749.3478393554688,433.8187561035156,57,1968.75,2326.171875,baseline
105.0,100.0,2.923192024230957,722.1232604980469,645.954345703125,298.2383728027344,57,585.9375,615.234375,baseline
291.0,315.0,2.923192024230957,653.3939208984375,680.7537231445312,338.16064453125,57,1845.703125,1705.078125,baseline
416.0,390.0,1.9615960121154785,633.0933227539062,707.0090942382812,294.04461669921875,21,2285.15625,2437.5,baseline
334.0,470.0,2.923192024230957,693.602294921875,696.2117309570312,381.1597900390625,57,2753.90625,1957.03125,baseline
16.0,370.0,3.8847882747650146,680.947021484375,757.3917236328125,487.33740234375,97,2167.96875,93.75,baseline
16.0,246.0,2.923192024230957,835.3075561523438,626.1082763671875,259.03314208984375,57,1441.40625,93.75,baseline
178.0,426.0,2.923192024230957,614.03076171875,600.073486328125,269.9632568359375,57,2496.09375,1042.96875,baseline
91.0,480.0,2.923192024230957,775.7910766601562,579.8377685546875,257.37164306640625,57,2812.5,533.203125,baseline
434.0,366.0,2.923192024230957,836.5230712890625,590.68359375,265.5089111328125,57,2144.53125,2542.96875,baseline
353.0,239.0,1.9615960121154785,664.9168395996094,786.5631713867188,353.2110900878906,21,1400.390625,2068.359375,baseline
268.0,239.0,2.923192024230957,607.901611328125,604.2825927734375,276.0306396484375,57,1400.390625,1570.3125,baseline
214.0,110.0,2.923192024230957,733.128662109375,736.5419921875,402.7103271484375,57,644.53125,1253.90625,baseline
467.0,357.0,1.9615960121154785,536.8853759765625,663.7978515625,381.6845703125,21,2091.796875,2736.328125,baseline
240.0,460.0,2.923192024230957,616.0027618408203,565.468994140625,207.84727478027344,57,2695.3125,1406.25,baseline
0.0,468.0,3.8847882747650146,640.7388305664062,553.0714721679688,237.5142822265625,54,2742.1875,0.0,baseline
318.0,431.0,1.9615960121154785,574.917236328125,744.1217651367188,365.9609375,21,2525.390625,1863.28125,baseline
152.0,49.0,1.9615960121154785,784.3070373535156,648.2459106445312,254.77145385742188,21,287.109375,890.625,baseline
410.0,10.0,2.923192024230957,618.4595336914062,625.7073974609375,300.26300048828125,57,58.59375,2402.34375,baseline
465.0,319.0,2.923192024230957,627.3975219726562,802.4109497070312,486.27752685546875,57,1869.140625,2724.609375,baseline
257.0,404.0,2.923192024230957,659.2748718261719,640.2897338867188,306.0426330566406,57,2367.1875,1505.859375,baseline
75.0,245.0,1.9615960121154785,652.357666015625,695.290283203125,311.0826416015625,21,1435.546875,439.453125,baseline
452.0,376.0,1.9615960121154785,490.87347412109375,625.9783935546875,261.41375732421875,21,2203.125,2648.4375,baseline
24.0,297.0,3.8847882747650146,688.5809020996094,538.3762817382812,263.2845153808594,97,1740.234375,140.625,baseline
35.0,210.0,1.9615960121154785,544.6298828125,705.3915405273438,297.85546875,21,1230.46875,205.078125,baseline
296.0,436.0,3.8847882747650146,626.1922912597656,638.5277709960938,375.2049255371094,97,2554.6875,1734.375,baseline
307.0,0.0,3.8847882747650146,560.5028991699219,714.3523559570312,461.0422668457031,54,0.0,1798.828125,baseline
192.0,410.0,1.9615960121154785,585.377685546875,737.0236206054688,360.34405517578125,21,2402.34375,1125.0,baseline
15.0,52.0,2.923192024230957,622.6785583496094,472.94659423828125,164.59469604492188,57,304.6875,87.890625,baseline
203.0,34.0,1.9615960121154785,607.1669006347656,823.0888061523438,411.1218566894531,21,199.21875,1189.453125,baseline
279.0,35.0,2.923192024230957,648.9844360351562,563.3795776367188,261.07904052734375,57,205.078125,1634.765625,baseline
374.0,376.0,2.923192024230957,563.8189697265625,665.1879272460938,361.10491943359375,57,2203.125,2191.40625,baseline
268.0,310.0,2.923192024230957,642.3186645507812,591.4860229492188,267.83013916015625,57,1816.40625,1570.3125,baseline
409.0,351.0,1.9615960121154785,574.554443359375,816.7514038085938,458.0333251953125,21,2056.640625,2396.484375,baseline
135.0,271.0,2.923192024230957,579.0093383789062,599.9453735351562,319.206787109375,57,1587.890625,791.015625,baseline
294.0,20.0,2.923192024230957,560.2490844726562,560.6531372070312,273.06231689453125,57,117.1875,1722.65625,baseline
86.0,118.0,2.923192024230957,537.6661071777344,549.1177368164062,253.99209594726562,57,691.40625,503.90625,baseline
480.0,511.0,1.9615960121154785,562.5318298339844,747.5404663085938,400.5939025878906,13,2994.140625,2812.5,baseline
340.0,328.0,3.8847882747650146,808.9938659667969,691.4942016601562,445.7521057128906,97,1921.875,1992.1875,baseline
410.0,476.0,2.923192024230957,565.5268249511719,688.3785400390625,404.1149597167969,57,2789.0625,2402.34375,baseline
354.0,21.0,2.923192024230957,592.5307312011719,667.6693115234375,360.6289367675781,57,123.046875,2074.21875,baseline
275.0,397.0,2.923192024230957,660.8992309570312,623.1590576171875,314.32061767578125,57,2326.171875,1611.328125,baseline
39.0,390.0,1.9615960121154785,543.3960571289062,800.4147338867188,410.0323486328125,21,2285.15625,228.515625,baseline
118.0,83.0,2.923192024230957,578.689453125,827.414794921875,551.193115234375,57,486.328125,691.40625,baseline
370.0,219.0,2.923192024230957,535.6465454101562,703.9027099609375,398.20513916015625,57,1283.203125,2167.96875,baseline
410.0,324.0,1.9615960121154785,509.885009765625,781.9168701171875,449.6248779296875,21,1898.4375,2402.34375,baseline
240.0,357.0,2.923192024230957,672.0453643798828,522.2032470703125,188.0754852294922,57,2091.796875,1406.25,baseline
181.0,486.0,2.923192024230957,630.7476196289062,636.630126953125,345.55755615234375,57,2847.65625,1060.546875,baseline
183.0,164.0,2.923192024230957,603.1614379882812,629.1538696289062,342.32403564453125,57,960.9375,1072.265625,baseline
15.0,96.0,2.923192024230957,556.5166625976562,580.4295043945312,283.75860595703125,57,562.5,87.890625,baseline
147.0,190.0,1.9615960121154785,639.671630859375,676.9371948242188,276.74859619140625,21,1113.28125,861.328125,baseline
277.0,56.0,2.923192024230957,602.2255249023438,636.2607421875,359.99334716796875,57,328.125,1623.046875,baseline
389.0,474.0,1.9615960121154785,536.9630737304688,770.4749145507812,394.31671142578125,21,2777.34375,2279.296875,baseline
21.0,270.0,2.923192024230957,533.135498046875,450.81231689453125,153.448486328125,57,1582.03125,123.046875,baseline
203.0,429.0,2.923192024230957,714.0553894042969,530.4207153320312,245.94119262695312,57,2513.671875,1189.453125,baseline
358.0,62.0,2.923192024230957,655.9973754882812,725.246826171875,442.95989990234375,57,363.28125,2097.65625,baseline
9.0,75.0,2.923192024230957,535.0408477783203,462.67803955078125,210.34605407714844,57,439.453125,52.734375,baseline
493.0,258.0,2.923192024230957,605.76416015625,641.7754516601562,348.3480224609375,57,1511.71875,2888.671875,baseline
335.0,420.0,2.923192024230957,785.9849853515625,701.17724609375,403.6107177734375,57,2460.9375,1962.890625,baseline
458.0,12.0,1.9615960121154785,471.8970947265625,725.9826049804688,352.92718505859375,21,70.3125,2683.59375,baseline
431.0,303.0,1.9615960121154785,557.6537475585938,637.5557861328125,350.72601318359375,21,1775.390625,2525.390625,baseline
216.0,266.0,1.9615960121154785,565.2087249755859,643.5396728515625,233.74745178222656,21,1558.59375,1265.625,baseline
69.0,168.0,1.9615960121154785,477.61126708984375,676.6143798828125,328.1162109375,21,984.375,404.296875,baseline
489.0,193.0,1.9615960121154785,605.4034423828125,1025.3040771484375,742.399169921875,21,1130.859375,2865.234375,baseline
58.0,325.0,3.8847882747650146,643.85107421875,536.1848754882812,280.236328125,97,1904.296875,339.84375,baseline
484.0,323.0,2.923192024230957,543.4716796875,742.5016479492188,474.9671630859375,57,1892.578125,2835.9375,baseline
222.0,475.0,1.9615960121154785,488.5476837158203,577.1688842773438,233.10533142089844,21,2783.203125,1300.78125,baseline
367.0,198.0,1.9615960121154785,520.4990234375,804.8173217773438,534.6865234375,21,1160.15625,2150.390625,baseline
424.0,211.0,1.9615960121154785,524.9426879882812,725.7432861328125,349.81231689453125,21,1236.328125,2484.375,baseline
40.0,101.0,1.9615960121154785,484.81658935546875,715.595703125,381.32501220703125,21,591.796875,234.375,baseline
329.0,307.0,2.923192024230957,721.1563720703125,567.7164306640625,308.3310546875,57,1798.828125,1927.734375,baseline
12.0,217.0,2.923192024230957,552.7427978515625,580.9951171875,297.42822265625,57,1271.484375,70.3125,baseline
381.0,63.0,2.923192024230957,679.3125305175781,615.6060791015625,386.3578796386719,57,369.140625,2232.421875,baseline
150.0,0.0,1.9615960121154785,472.33673095703125,619.1532592773438,273.25933837890625,13,0.0,878.90625,baseline
459.0,435.0,1.9615960121154785,519.5895690917969,651.9939575195312,298.8289489746094,21,2548.828125,2689.453125,baseline
56.0,50.0,1.9615960121154785,500.4149169921875,663.1965942382812,297.9927978515625,21,292.96875,328.125,baseline
284.0,362.0,2.923192024230957,529.7410278320312,576.434326171875,325.16375732421875,57,2121.09375,1664.0625,baseline
221.0,336.0,1.9615960121154785,484.74639892578125,653.633544921875,340.51934814453125,21,1968.75,1294.921875,baseline
455.0,412.0,1.9615960121154785,500.473388671875,609.690185546875,270.15185546875,21,2414.0625,2666.015625,baseline
108.0,417.0,1.9615960121154785,442.3180847167969,592.22216796875,242.80874633789062,21,2443.359375,632.8125,baseline
264.0,415.0,1.0,577.7146606445312,684.6617431640625,394.60577392578125,9,2431.640625,1546.875,baseline
511.0,259.0,3.8847882747650146,627.68505859375,694.34130859375,541.1990966796875,54,1517.578125,2994.140625,baseline
439.0,159.0,1.9615960121154785,510.80029296875,671.311767578125,340.7086181640625,21,931.640625,2572.265625,baseline
200.0,343.0,1.9615960121154785,469.0763244628906,620.0911865234375,301.6041564941406,21,2009.765625,1171.875,baseline
74.0,39.0,1.9615960121154785,541.9451599121094,589.558837890625,273.8025207519531,21,228.515625,433.59375,baseline
71.0,473.0,1.9615960121154785,516.3578491210938,652.30322265625,296.82525634765625,21,2771.484375,416.015625,baseline
136.0,311.0,2.923192024230957,627.8390502929688,546.3023681640625,306.26373291015625,57,1822.265625,796.875,baseline
435.0,500.0,1.9615960121154785,539.7275390625,860.8409423828125,536.506591796875,21,2929.6875,2548.828125,baseline
275.0,193.0,2.923192024230957,534.6779479980469,607.7373657226562,371.1427307128906,57,1130.859375,1611.328125,baseline
404.0,277.0,1.0,625.243408203125,703.663330078125,343.194580078125,9,1623.046875,2367.1875,baseline
325.0,379.0,3.8847882747650146,665.0420532226562,645.0693969726562,439.06463623046875,97,2220.703125,1904.296875,baseline
352.0,127.0,1.9615960121154785,639.1717834472656,623.69482421875,299.9631652832031,21,744.140625,2062.5,baseline
122.0,404.0,1.9615960121154785,564.9007568359375,637.8309936523438,320.802490234375,21,2367.1875,714.84375,baseline
306.0,39.0,1.0,429.57855224609375,574.257080078125,388.03839111328125,9,228.515625,1792.96875,baseline
177.0,316.0,2.923192024230957,542.9210205078125,620.3804931640625,379.626708984375,57,1851.5625,1037.109375,baseline
511.0,73.0,8.692768096923828,922.5357666015625,624.2373046875,417.0506591796875,253,427.734375,2994.140625,baseline
371.0,139.0,2.923192024230957,454.18389892578125,536.4288940429688,314.03826904296875,57,814.453125,2173.828125,baseline
408.0,343.0,1.9615960121154785,392.05126953125,665.5390625,440.59356689453125,21,2009.765625,2390.625,baseline
240.0,477.0,2.923192024230957,585.054443359375,427.1310729980469,183.9920654296875,57,2794.921875,1406.25,baseline
422.0,111.0,1.9615960121154785,623.4797973632812,786.5997924804688,488.68145751953125,21,650.390625,2472.65625,baseline
387.0,201.0,3.8847882747650146,516.0779418945312,662.6541748046875,477.18572998046875,97,1177.734375,2267.578125,baseline
292.0,498.0,2.923192024230957,496.2009582519531,516.4039306640625,288.6751403808594,57,2917.96875,1710.9375,baseline
216.0,310.0,1.0,617.7762451171875,744.2550048828125,395.448974609375,9,1816.40625,1265.625,baseline
101.0,128.0,1.9615960121154785,408.7119140625,528.1488647460938,261.8148193359375,21,750.0,591.796875,baseline
399.0,360.0,1.9615960121154785,454.02923583984375,695.90771484375,407.23712158203125,21,2109.375,2337.890625,baseline
306.0,134.0,2.923192024230957,663.3497924804688,541.999267578125,296.65264892578125,57,785.15625,1792.96875,baseline
210.0,134.0,2.923192024230957,521.9527587890625,611.384521484375,410.2593994140625,57,785.15625,1230.46875,baseline
236.0,157.0,2.923192024230957,543.9479064941406,434.8245544433594,176.76095581054688,57,919.921875,1382.8125,baseline
178.0,400.0,1.9615960121154785,462.78851318359375,679.39697265625,379.43548583984375,21,2343.75,1042.96875,baseline
8.0,418.0,1.9615960121154785,431.1369323730469,559.5324096679688,306.3135070800781,21,2449.21875,46.875,baseline
271.0,120.0,1.0,352.7545471191406,477.09857177734375,309.6818542480469,9,703.125,1587.890625,baseline
163.0,22.0,1.9615960121154785,414.9765625,548.2451171875,276.13787841796875,21,128.90625,955.078125,baseline
377.0,351.0,2.923192024230957,601.9121704101562,583.6846923828125,327.28717041015625,57,2056.640625,2208.984375,baseline
55.0,487.0,1.9615960121154785,441.1650390625,607.88330078125,290.7586669921875,21,2853.515625,322.265625,baseline
102.0,271.0,1.9615960121154785,545.2152709960938,574.1954345703125,265.61395263671875,21,1587.890625,597.65625,baseline
249.0,140.0,2.923192024230957,531.5890350341797,449.7367248535156,196.6092071533203,57,820.3125,1458.984375,baseline
0.0,171.0,1.9615960121154785,381.24481201171875,638.4989013671875,403.03546142578125,13,1001.953125,0.0,baseline
439.0,106.0,1.9615960121154785,406.64215087890625,746.2009887695312,470.81805419921875,21,621.09375,2572.265625,baseline
181.0,342.0,1.9615960121154785,422.02783203125,770.9631958007812,518.559814453125,21,2003.90625,1060.546875,baseline
349.0,216.0,2.923192024230957,554.9414978027344,596.66650390625,378.8640441894531,57,1265.625,2044.921875,baseline
213.0,71.0,1.9615960121154785,453.7449951171875,659.0113525390625,359.858154296875,21,416.015625,1248.046875,baseline
333.0,230.0,1.9615960121154785,512.9857177734375,634.7454833984375,343.8690185546875,21,1347.65625,1951.171875,baseline
405.0,197.0,1.9615960121154785,596.2166748046875,584.5370483398438,299.978271484375,21,1154.296875,2373.046875,baseline
173.0,99.0,1.9615960121154785,422.4312744140625,743.4158325195312,466.7777099609375,21,580.078125,1013.671875,baseline
23.0,511.0,4.846384048461914,426.2244873046875,434.47894287109375,164.77801513671875,79,2994.140625,134.765625,baseline
116.0,50.0,1.9615960121154785,426.2532043457031,801.1974487304688,488.0678405761719,21,292.96875,679.6875,baseline
313.0,481.0,2.923192024230957,638.9999389648438,604.8818969726562,385.14801025390625,57,2818.359375,1833.984375,baseline
421.0,263.0,1.9615960121154785,453.8831481933594,576.341064453125,285.5669250488281,21,1541.015625,2466.796875,baseline
223.0,444.0,1.0,542.87744140625,648.6126098632812,355.3857421875,9,2601.5625,1306.640625,baseline
477.0,395.0,1.0,364.0922546386719,542.8343505859375,278.4056701660156,9,2314.453125,2794.921875,baseline
157.0,487.0,2.923192024230957,434.01043701171875,535.0060424804688,317.70794677734375,57,2853.515625,919.921875,baseline
271.0,484.0,1.9615960121154785,448.13690185546875,663.4727783203125,364.05877685546875,21,2835.9375,1587.890625,baseline
100.0,185.0,1.9615960121154785,429.1381530761719,529.9990234375,241.21896362304688,21,1083.984375,585.9375,baseline
354.0,235.0,1.0,645.3749084472656,594.940185546875,349.6186218261719,9,1376.953125,2074.21875,baseline
399.0,301.0,1.9615960121154785,437.76507568359375,741.4133911132812,468.8260498046875,21,1763.671875,2337.890625,baseline
228.0,92.0,2.923192024230957,500.9100036621094,475.63360595703125,283.3556213378906,57,539.0625,1335.9375,baseline
225.0,490.0,1.9615960121154785,386.19866943359375,425.65740966796875,173.1319580078125,21,2871.09375,1318.359375,baseline
401.0,292.0,1.9615960121154785,438.86773681640625,631.03857421875,437.60186767578125,21,1710.9375,2349.609375,baseline
99.0,253.0,1.9615960121154785,412.7950439453125,525.9924926757812,280.7320556640625,21,1482.421875,580.078125,baseline
22.0,116.0,1.9615960121154785,430.15557861328125,654.8637084960938,357.20294189453125,21,679.6875,128.90625,baseline
355.0,289.0,2.923192024230957,580.8370666503906,536.1398315429688,288.8675231933594,57,1693.359375,2080.078125,baseline
506.0,511.0,1.9615960121154785,419.9040832519531,453.45953369140625,219.81362915039062,13,2994.140625,2964.84375,baseline
488.0,211.0,1.9615960121154785,405.52679443359375,711.66162109375,466.72491455078125,21,1236.328125,2859.375,baseline
204.0,236.0,1.9615960121154785,451.51318359375,641.3512573242188,329.10137939453125,21,1382.8125,1195.3125,baseline
458.0,398.0,3.8847882747650146,413.7484130859375,506.6305236816406,239.05999755859375,97,2332.03125,2683.59375,baseline
402.0,457.0,1.9615960121154785,433.06207275390625,725.8931884765625,447.6077880859375,21,2677.734375,2355.46875,baseline
21.0,500.0,1.0,477.90406799316406,492.5462341308594,181.9968719482422,9,2929.6875,123.046875,baseline
37.0,318.0,1.9615960121154785,446.4674072265625,640.2334594726562,323.75616455078125,21,1863.28125,216.796875,baseline
55.0,511.0,2.923192024230957,612.5015869140625,413.8114318847656,207.75994873046875,33,2994.140625,322.265625,baseline
229.0,446.0,1.0,559.7500305175781,575.0946044921875,233.71994018554688,9,2613.28125,1341.796875,baseline
21.0,439.0,1.9615960121154785,442.9133605957031,470.3106994628906,205.24069213867188,21,2572.265625,123.046875,baseline
24.0,458.0,2.923192024230957,421.4826354980469,394.6049499511719,185.72879028320312,57,2683.59375,140.625,baseline
294.0,411.0,2.923192024230957,620.5682067871094,479.2587585449219,264.4286804199219,57,2408.203125,1722.65625,baseline
377.0,160.0,2.923192024230957,560.345458984375,503.8795471191406,276.9569091796875,57,937.5,2208.984375,baseline
264.0,101.0,2.923192024230957,589.1151123046875,513.7691040039062,286.1539306640625,57,591.796875,1546.875,baseline
501.0,421.0,1.9615960121154785,429.0341796875,564.8243408203125,292.280517578125,21,2466.796875,2935.546875,baseline
257.0,120.0,1.9615960121154785,373.1937255859375,589.0241088867188,301.0325927734375,21,703.125,1505.859375,baseline
4.0,318.0,1.0,280.08856201171875,468.609375,378.922607421875,9,1863.28125,23.4375,baseline
423.0,484.0,1.0,490.7554931640625,573.0441284179688,435.3614501953125,9,2835.9375,2478.515625,baseline
55.0,66.0,1.0,223.31112670898438,613.0118408203125,471.4491271972656,9,386.71875,322.265625,baseline
309.0,109.0,1.0,501.03509521484375,570.995361328125,391.12738037109375,9,638.671875,1810.546875,baseline
88.0,32.0,3.8847882747650146,337.7457275390625,520.224853515625,294.82330322265625,97,187.5,515.625,baseline
384.0,511.0,1.0,452.5511169433594,735.0620727539062,476.5681457519531,6,2994.140625,2250.0,baseline
172.0,466.0,1.9615960121154785,412.9674072265625,624.9873046875,339.7987060546875,21,2730.46875,1007.8125,baseline
78.0,17.0,2.923192024230957,566.7525329589844,414.7982482910156,207.23373413085938,57,99.609375,457.03125,baseline
117.0,475.0,2.923192024230957,596.9046325683594,463.84698486328125,259.6771545410156,57,2783.203125,685.546875,baseline
344.0,44.0,1.9615960121154785,493.93377685546875,660.3543701171875,383.093505859375,21,257.8125,2015.625,baseline
484.0,79.0,1.9615960121154785,350.4605407714844,646.2780151367188,420.3354797363281,21,462.890625,2835.9375,baseline
157.0,301.0,1.9615960121154785,349.41094970703125,559.0595092773438,327.49371337890625,21,1763.671875,919.921875,baseline
479.0,432.0,1.9615960121154785,371.68292236328125,639.3219604492188,404.88433837890625,21,2531.25,2806.640625,baseline
58.0,84.0,1.9615960121154785,426.96514892578125,665.77001953125,408.75213623046875,21,492.1875,339.84375,baseline
69.0,432.0,1.9615960121154785,429.0706481933594,536.4996948242188,293.9356994628906,21,2531.25,404.296875,baseline
195.0,449.0,1.0,365.7181091308594,400.6024475097656,267.6377258300781,9,2630.859375,1142.578125,baseline
462.0,342.0,2.923192024230957,513.6090087890625,631.2094116210938,429.95654296875,57,2003.90625,2707.03125,baseline
354.0,430.0,1.9615960121154785,383.8700256347656,602.9807739257812,352.2138977050781,21,2519.53125,2074.21875,baseline
30.0,231.0,1.9615960121154785,343.12152099609375,507.36993408203125,285.83624267578125,21,1353.515625,175.78125,baseline
335.0,251.0,1.0,480.2279968261719,508.5021667480469,301.9205627441406,9,1470.703125,1962.890625,baseline
180.0,191.0,1.9615960121154785,454.3951416015625,568.56201171875,354.2982177734375,21,1119.140625,1054.6875,baseline
480.0,54.0,2.923192024230957,426.4907531738281,570.680908203125,376.1925964355469,57,316.40625,2812.5,baseline
480.0,186.0,1.0,508.5837097167969,616.212646484375,506.0107727050781,9,1089.84375,2812.5,baseline
176.0,509.0,1.0,316.27813720703125,553.0858154296875,377.53594970703125,9,2982.421875,1031.25,baseline
110.0,336.0,1.0,527.4400634765625,475.6131286621094,299.8790283203125,9,1968.75,644.53125,baseline
37.0,64.0,1.0,573.9135131835938,751.024658203125,505.11944580078125,9,375.0,216.796875,baseline
163.0,331.0,2.923192024230957,479.64178466796875,560.5045166015625,374.38165283203125,57,1939.453125,955.078125,baseline
498.0,306.0,1.9615960121154785,403.1043243408203,531.5319213867188,255.3794403076172,21,1792.96875,2917.96875,baseline
119.0,283.0,1.0,645.3691711425781,677.2752075195312,289.2582702636719,9,1658.203125,697.265625,baseline
257.0,348.0,1.0,338.95611572265625,339.3077697753906,203.48175048828125,9,2039.0625,1505.859375,baseline
62.0,443.0,1.0,354.4593811035156,395.8113098144531,317.6781311035156,9,2595.703125,363.28125,baseline
422.0,461.0,1.0,328.0989685058594,520.3110961914062,354.4269104003906,9,2701.171875,2472.65625,baseline
136.0,167.0,1.9615960121154785,391.6075134277344,499.39019775390625,255.43905639648438,21,978.515625,796.875,baseline
369.0,118.0,1.9615960121154785,394.9837646484375,509.7366027832031,276.7315673828125,21,691.40625,2162.109375,baseline
183.0,17.0,1.9615960121154785,359.2867431640625,490.6044006347656,266.10870361328125,21,99.609375,1072.265625,baseline
187.0,362.0,1.9615960121154785,438.6925048828125,570.9573974609375,319.5726318359375,21,2121.09375,1095.703125,baseline
176.0,380.0,1.9615960121154785,370.47430419921875,587.2588500976562,369.64056396484375,21,2226.5625,1031.25,baseline
425.0,457.0,1.0,392.5326843261719,482.60504150390625,362.8340148925781,9,2677.734375,2490.234375,baseline
47.0,227.0,1.0,279.103271484375,361.89794921875,274.5289306640625,9,1330.078125,275.390625,baseline
121.0,19.0,1.0,293.984130859375,302.4385986328125,214.25924682617188,9,111.328125,708.984375,baseline
415.0,282.0,1.0,469.90570068359375,650.1809692382812,461.21710205078125,9,1652.34375,2431.640625,baseline
504.0,199.0,1.0,343.464111328125,512.1425170898438,291.5750732421875,9,1166.015625,2953.125,baseline
308.0,113.0,1.9615960121154785,368.1415710449219,618.663818359375,378.9140930175781,21,662.109375,1804.6875,baseline
454.0,120.0,1.0,337.7661437988281,444.5899963378906,272.6102600097656,9,703.125,2660.15625,baseline
496.0,495.0,1.0,478.99822998046875,531.39697265625,321.09039306640625,9,2900.390625,2906.25,baseline
345.0,40.0,1.0,510.9154968261719,588.7344970703125,391.5781555175781,9,234.375,2021.484375,baseline
86.0,172.0,1.0,315.9608154296875,558.4332275390625,340.80908203125,9,1007.8125,503.90625,baseline
134.0,480.0,1.0,499.13079833984375,561.0945434570312,328.18670654296875,9,2812.5,785.15625,baseline
305.0,43.0,1.9615960121154785,382.8715515136719,647.0087890625,416.1907043457031,21,251.953125,1787.109375,baseline
451.0,229.0,2.923192024230957,326.77032470703125,517.15478515625,360.0372314453125,57,1341.796875,2642.578125,baseline
511.0,169.0,1.0,361.1108093261719,537.6019897460938,345.5842590332031,6,990.234375,2994.140625,baseline
511.0,357.0,4.846384048461914,514.6456604003906,455.2994079589844,268.4229431152344,79,2091.796875,2994.140625,baseline
250.0,17.0,1.0,475.63658142089844,427.0057067871094,220.60780334472656,9,99.609375,1464.84375,baseline
315.0,41.0,2.923192024230957,421.1497802734375,631.50830078125,476.68408203125,57,240.234375,1845.703125,baseline
488.0,170.0,1.0,388.78680419921875,468.6316223144531,391.27984619140625,9,996.09375,2859.375,baseline
409.0,249.0,1.0,236.437744140625,491.5421142578125,333.49298095703125,9,1458.984375,2396.484375,baseline
59.0,63.0,1.0,239.2479248046875,532.4063720703125,387.92803955078125,9,369.140625,345.703125,baseline
259.0,249.0,1.0,382.3053283691406,295.5061340332031,185.69302368164062,9,1458.984375,1517.578125,baseline
440.0,220.0,1.9615960121154785,420.30877685546875,592.1756591796875,376.1710205078125,21,1289.0625,2578.125,baseline
148.0,417.0,1.0,296.42864990234375,582.9637451171875,418.37615966796875,9,2443.359375,867.1875,baseline
192.0,120.0,1.9615960121154785,386.744140625,743.0280151367188,555.4409790039062,21,703.125,1125.0,baseline
457.0,298.0,1.9615960121154785,321.7170715332031,595.1761474609375,391.4707946777344,21,1746.09375,2677.734375,baseline
189.0,246.0,1.0,297.5804748535156,309.3148193359375,309.0788269042969,9,1441.40625,1107.421875,baseline
439.0,390.0,1.0,460.9714660644531,559.1798706054688,279.7646179199219,9,2285.15625,2572.265625,baseline
169.0,355.0,1.0,305.98028564453125,440.44189453125,379.48919677734375,9,2080.078125,990.234375,baseline
401.0,356.0,1.0,473.9562683105469,625.15966796875,429.8883361816406,9,2085.9375,2349.609375,baseline
447.0,332.0,1.0,272.35333251953125,629.4451293945312,471.36822509765625,9,1945.3125,2619.140625,baseline
436.0,496.0,1.0,505.12139892578125,749.7631225585938,522.4945678710938,9,2906.25,2554.6875,baseline
376.0,505.0,1.0,409.57177734375,1117.74169921875,951.9129638671875,9,2958.984375,2203.125,baseline
499.0,301.0,1.0,444.7560272216797,393.0365295410156,228.92872619628906,9,1763.671875,2923.828125,baseline
149.0,186.0,1.0,499.0743713378906,488.7572021484375,267.7934265136719,9,1089.84375,873.046875,baseline
249.0,22.0,2.923192024230957,470.76385498046875,389.2132263183594,225.48052978515625,57,128.90625,1458.984375,baseline
503.0,61.0,1.0,190.537353515625,498.787109375,402.82672119140625,9,357.421875,2947.265625,baseline
275.0,327.0,1.0,364.7745056152344,452.7940673828125,283.4814758300781,9,1916.015625,1611.328125,baseline
0.0,495.0,1.9615960121154785,369.5755920410156,373.9582824707031,143.60110473632812,13,2900.390625,0.0,baseline
18.0,297.0,1.0,418.17462158203125,562.5604248046875,258.94146728515625,9,1740.234375,105.46875,baseline
415.0,435.0,1.0,323.12664794921875,433.38751220703125,333.35003662109375,9,2548.828125,2431.640625,baseline
489.0,174.0,1.0,573.613525390625,1036.6614990234375,782.4268798828125,9,1019.53125,2865.234375,baseline
92.0,431.0,1.0,429.28749084472656,436.4310302734375,213.60972595214844,9,2525.390625,539.0625,baseline
46.0,122.0,1.9615960121154785,366.9849853515625,507.70489501953125,272.8992919921875,21,714.84375,269.53125,baseline
305.0,465.0,1.0,315.44805908203125,419.86212158203125,372.77349853515625,9,2724.609375,1787.109375,baseline
476.0,486.0,1.9615960121154785,351.6612854003906,534.2528076171875,308.4588317871094,21,2847.65625,2789.0625,baseline
77.0,63.0,1.0,261.4341125488281,460.11663818359375,300.5502624511719,9,369.140625,451.171875,baseline
137.0,164.0,1.0,411.83392333984375,452.9930419921875,305.18939208984375,9,960.9375,802.734375,baseline
388.0,71.0,1.9615960121154785,294.59112548828125,516.820068359375,394.00506591796875,21,416.015625,2273.4375,baseline
477.0,482.0,1.0,420.7781677246094,501.4343566894531,328.4281311035156,9,2824.21875,2794.921875,baseline
169.0,51.0,1.9615960121154785,274.1401062011719,466.0326843261719,305.0313415527344,21,298.828125,990.234375,baseline
316.0,18.0,1.9615960121154785,364.3922424316406,641.19970703125,482.3576354980469,21,105.46875,1851.5625,baseline
170.0,132.0,1.0,451.7401123046875,499.5233154296875,339.6611328125,9,773.4375,996.09375,baseline
0.0,446.0,2.923192024230957,367.3579864501953,341.2611083984375,182.5842742919922,33,2613.28125,0.0,baseline
501.0,18.0,1.9615960121154785,306.5747985839844,565.70947265625,369.8224792480469,21,105.46875,2935.546875,baseline
420.0,487.0,1.0,262.44940185546875,545.489990234375,434.3145751953125,9,2853.515625,2460.9375,baseline
457.0,418.0,1.9615960121154785,365.703857421875,528.2665405273438,280.02374267578125,21,2449.21875,2677.734375,baseline
119.0,78.0,1.0,536.19775390625,748.5774536132812,581.8941650390625,9,457.03125,697.265625,baseline
372.0,73.0,1.0,259.713623046875,447.0860595703125,389.18865966796875,9,427.734375,2179.6875,baseline
406.0,329.0,1.0,175.0631103515625,400.3908386230469,437.7783203125,9,1927.734375,2378.90625,baseline
215.0,66.0,1.0,414.8393859863281,588.0082397460938,370.9684753417969,9,386.71875,1259.765625,baseline
113.0,386.0,1.9615960121154785,379.22552490234375,457.8824768066406,271.04827880859375,21,2261.71875,662.109375,baseline
500.0,163.0,1.0,366.6100769042969,418.9227294921875,276.0398254394531,9,955.078125,2929.6875,baseline
433.0,200.0,1.0,221.91290283203125,434.9648742675781,380.41766357421875,9,1171.875,2537.109375,baseline
152.0,468.0,1.0,256.0367126464844,455.5360107421875,308.6349792480469,9,2742.1875,890.625,baseline
171.0,43.0,1.0,202.43682861328125,422.8879089355469,404.62860107421875,9,251.953125,1001.953125,baseline
276.0,113.0,1.0,261.2562561035156,300.58349609375,288.3134460449219,9,662.109375,1617.1875,baseline
368.0,181.0,1.0,310.7510986328125,715.1563720703125,491.2396240234375,9,1060.546875,2156.25,baseline
265.0,212.0,1.0,363.7006530761719,617.9888305664062,457.8209533691406,9,1242.1875,1552.734375,baseline
163.0,324.0,1.9615960121154785,363.60955810546875,608.0006713867188,444.57427978515625,21,1898.4375,955.078125,baseline
454.0,275.0,1.0,384.1529541015625,446.30816650390625,351.5797119140625,9,1611.328125,2660.15625,baseline
319.0,426.0,1.9615960121154785,324.3386535644531,557.22314453125,375.1559143066406,21,2496.09375,1869.140625,baseline
380.0,501.0,1.0,417.74237060546875,819.052001953125,517.4634399414062,9,2935.546875,2226.5625,baseline
207.0,249.0,1.0,338.6676025390625,402.2901611328125,291.30914306640625,9,1458.984375,1212.890625,baseline
36.0,472.0,1.0,130.32843017578125,476.62841796875,429.9674072265625,9,2765.625,210.9375,baseline
390.0,319.0,1.9615960121154785,416.7901611328125,636.9451904296875,437.3262939453125,21,1869.140625,2285.15625,baseline
419.0,409.0,1.9615960121154785,305.7931213378906,410.3983459472656,231.79501342773438,21,2396.484375,2455.078125,baseline
480.0,470.0,1.0,264.3958435058594,541.586669921875,382.1266174316406,9,2753.90625,2812.5,baseline
324.0,84.0,1.0,371.7379150390625,530.0972290039062,344.54168701171875,9,492.1875,1898.4375,baseline
312.0,247.0,1.0,438.2715759277344,491.3733215332031,316.4136047363281,9,1447.265625,1828.125,baseline
18.0,494.0,1.0,309.7451477050781,360.37017822265625,197.1077880859375,9,2894.53125,105.46875,baseline
296.0,272.0,2.923192024230957,428.29998779296875,485.05987548828125,317.96343994140625,57,1593.75,1734.375,baseline
367.0,77.0,1.9615960121154785,273.42236328125,519.6131591796875,397.71978759765625,21,451.171875,2150.390625,baseline
269.0,377.0,1.0,183.01547241210938,456.0280456542969,345.6178894042969,9,2208.984375,1576.171875,baseline
389.0,503.0,1.0,320.9247131347656,378.3336181640625,348.9498596191406,9,2947.265625,2279.296875,baseline
222.0,355.0,1.0,450.437744140625,584.164794921875,365.54119873046875,9,2080.078125,1300.78125,baseline
263.0,458.0,1.0,315.7138366699219,308.6788024902344,293.8279113769531,9,2683.59375,1541.015625,baseline
325.0,34.0,1.0,230.96493530273438,433.1676025390625,358.7268371582031,9,199.21875,1904.296875,baseline
342.0,489.0,1.0,403.99871826171875,683.4554443359375,616.1477661132812,9,2865.234375,2003.90625,baseline
282.0,69.0,1.0,243.82550048828125,474.77642822265625,367.7735595703125,9,404.296875,1652.34375,baseline
480.0,292.0,1.0,168.14471435546875,521.574951171875,386.5389404296875,9,1710.9375,2812.5,baseline
465.0,396.0,1.0,313.935546875,487.8092956542969,262.0972900390625,9,2320.3125,2724.609375,baseline
370.0,192.0,1.0,230.54339599609375,581.561279296875,545.5236206054688,9,1125.0,2167.96875,baseline
317.0,228.0,1.0,402.72686767578125,666.6417236328125,400.1744384765625,9,1335.9375,1857.421875,baseline
332.0,28.0,1.9615960121154785,303.7322692871094,559.3577270507812,385.4207458496094,21,164.0625,1945.3125,baseline
130.0,379.0,1.9615960121154785,302.1416473388672,397.7350769042969,230.2749786376953,21,2220.703125,761.71875,baseline
112.0,112.0,1.0,210.81314086914062,312.3790588378906,249.68527221679688,9,656.25,656.25,baseline
339.0,399.0,3.8847882747650146,407.498046875,517.053466796875,392.7484130859375,97,2337.890625,1986.328125,baseline
351.0,490.0,1.0,393.7122802734375,972.400390625,782.7581787109375,9,2871.09375,2056.640625,baseline
278.0,117.0,1.9615960121154785,306.70599365234375,464.5406799316406,356.001708984375,21,685.546875,1628.90625,baseline
356.0,301.0,1.0,220.12091064453125,510.85693359375,375.26898193359375,9,1763.671875,2085.9375,baseline
310.0,70.0,1.0,295.6012268066406,527.8848876953125,446.3127746582031,9,410.15625,1816.40625,baseline
175.0,195.0,1.0,325.5567932128906,571.7477416992188,397.4178161621094,9,1142.578125,1025.390625,baseline
33.0,0.0,1.9615960121154785,274.1749572753906,506.3822937011719,332.3919982910156,13,0.0,193.359375,baseline
446.0,283.0,1.0,181.93768310546875,408.0445861816406,344.5509033203125,9,1658.203125,2613.28125,baseline
330.0,350.0,1.0,339.0930480957031,552.4727172851562,323.8537292480469,9,2050.78125,1933.59375,baseline
282.0,393.0,1.0,235.00802612304688,433.08111572265625,377.1763610839844,9,2302.734375,1652.34375,baseline
197.0,304.0,1.0,402.9637451171875,481.130859375,352.17108154296875,9,1781.25,1154.296875,baseline
322.0,45.0,1.0,221.23281860351562,417.8067626953125,412.7782897949219,9,263.671875,1886.71875,baseline
250.0,412.0,1.0,298.845703125,304.90966796875,209.40478515625,9,2414.0625,1464.84375,baseline
386.0,428.0,1.0,250.9429931640625,427.6747741699219,394.521240234375,9,2507.8125,2261.71875,baseline
91.0,434.0,1.9615960121154785,427.5006561279297,428.1264953613281,206.04640197753906,21,2542.96875,533.203125,baseline
353.0,473.0,1.0,225.3744659423828,400.0561828613281,252.18858337402344,9,2771.484375,2068.359375,baseline
196.0,124.0,1.0,157.84042358398438,410.4133605957031,468.9519348144531,9,726.5625,1148.4375,baseline
460.0,503.0,1.9615960121154785,313.2052917480469,592.6064453125,414.0746765136719,21,2947.265625,2695.3125,baseline
494.0,169.0,1.0,344.6683654785156,537.085205078125,473.7809753417969,9,990.234375,2894.53125,baseline
124.0,151.0,1.9615960121154785,174.8155517578125,512.0057373046875,397.334228515625,21,884.765625,726.5625,baseline
118.0,45.0,1.0,367.2672424316406,587.6128540039062,417.5463562011719,9,263.671875,691.40625,baseline
322.0,157.0,1.0,218.59249877929688,365.6972351074219,264.60174560546875,9,919.921875,1886.71875,baseline
460.0,7.0,1.0,394.943603515625,518.3447875976562,311.06268310546875,9,41.015625,2695.3125,baseline
385.0,436.0,1.0,364.2177734375,860.6044921875,645.4642333984375,9,2554.6875,2255.859375,baseline
332.0,345.0,1.0,363.8930358886719,379.7643737792969,280.3175964355469,9,2021.484375,1945.3125,baseline
362.0,389.0,1.0,340.46978759765625,533.503662109375,374.40313720703125,9,2279.296875,2121.09375,baseline
120.0,261.0,1.0,322.040771484375,587.3510131835938,369.98486328125,9,1529.296875,703.125,baseline
368.0,507.0,1.0,266.25634765625,1365.3477783203125,1238.32470703125,9,2970.703125,2156.25,baseline
123.0,0.0,1.9615960121154785,302.62644958496094,357.4317626953125,183.07542419433594,13,0.0,720.703125,baseline
445.0,86.0,1.9615960121154785,266.3760986328125,618.1270141601562,489.41748046875,21,503.90625,2607.421875,baseline
347.0,188.0,1.0,407.1729736328125,697.5956420898438,519.5858154296875,9,1101.5625,2033.203125,baseline
10.0,317.0,2.923192024230957,291.4599609375,486.56866455078125,333.978271484375,57,1857.421875,58.59375,baseline
236.0,411.0,1.0,267.7290344238281,316.5777587890625,150.88571166992188,9,2408.203125,1382.8125,baseline
420.0,404.0,1.0,308.2261199951172,327.4745178222656,233.4486846923828,9,2367.1875,2460.9375,baseline
74.0,386.0,1.0,340.3837890625,525.1904907226562,308.3095703125,9,2261.71875,433.59375,baseline
407.0,469.0,1.0,238.22659301757812,607.820068359375,427.9402770996094,9,2748.046875,2384.765625,baseline
286.0,175.0,1.9615960121154785,212.77703857421875,388.9657897949219,306.01263427734375,21,1025.390625,1675.78125,baseline
371.0,260.0,1.0,203.20391845703125,374.0693359375,237.35687255859375,9,1523.4375,2173.828125,baseline
165.0,368.0,1.9615960121154785,311.9858703613281,566.3903198242188,403.1684875488281,21,2156.25,966.796875,baseline
35.0,37.0,1.0,313.4605712890625,443.8622741699219,358.436279296875,9,216.796875,205.078125,baseline
139.0,295.0,1.9615960121154785,225.82232666015625,454.05096435546875,318.467041015625,21,1728.515625,814.453125,baseline
146.0,502.0,1.0,334.3143615722656,554.355224609375,367.3657531738281,9,2941.40625,855.46875,baseline
441.0,101.0,1.0,417.7181396484375,543.2678833007812,377.5491943359375,9,591.796875,2583.984375,baseline
80.0,27.0,1.0,270.09912109375,430.4810791015625,256.57489013671875,9,158.203125,468.75,baseline
135.0,477.0,1.0,320.3826904296875,499.18414306640625,362.82177734375,9,2794.921875,791.015625,baseline
265.0,349.0,1.0,262.45904541015625,331.2508544921875,321.86956787109375,9,2044.921875,1552.734375,baseline
113.0,215.0,1.0,166.86325073242188,469.7643737792969,422.6623229980469,9,1259.765625,662.109375,baseline
505.0,195.0,1.0,386.4845886230469,349.4826965332031,259.5984191894531,9,1142.578125,2958.984375,baseline
138.0,144.0,1.0,291.3603210449219,231.03314208984375,240.98550415039062,9,843.75,808.59375,baseline
219.0,51.0,1.0,403.4430236816406,444.2069091796875,309.1901550292969,9,298.828125,1283.203125,baseline
327.0,232.0,1.0,396.8917541503906,513.44580078125,329.0765075683594,9,1359.375,1916.015625,baseline
496.0,30.0,1.0,166.43804931640625,322.0553894042969,288.8529052734375,9,175.78125,2906.25,baseline
398.0,451.0,1.0,80.23715209960938,469.04339599609375,457.5034484863281,9,2642.578125,2332.03125,baseline
18.0,19.0,1.0,278.4637756347656,470.4014892578125,265.8445739746094,9,111.328125,105.46875,baseline
361.0,394.0,2.923192024230957,301.14141845703125,521.4794311523438,379.7769775390625,57,2308.59375,2115.234375,baseline
438.0,39.0,1.9615960121154785,190.74737548828125,454.5172424316406,360.69720458984375,21,228.515625,2566.40625,baseline
287.0,379.0,1.0,215.259521484375,440.3709716796875,333.98468017578125,9,2220.703125,1681.640625,baseline
511.0,248.0,2.923192024230957,258.9687805175781,586.6857299804688,469.3446350097656,33,1453.125,2994.140625,baseline
93.0,253.0,1.0,241.2921600341797,398.7069396972656,210.52113342285156,9,1482.421875,544.921875,baseline
473.0,299.0,2.923192024230957,320.86944580078125,552.10498046875,437.18072509765625,57,1751.953125,2771.484375,baseline
290.0,340.0,2.923192024230957,373.3399658203125,434.8678283691406,279.40850830078125,57,1992.1875,1699.21875,baseline
334.0,254.0,1.9615960121154785,427.8726806640625,500.4123840332031,304.298828125,21,1488.28125,1957.03125,baseline
177.0,375.0,1.0,243.26907348632812,472.1932373046875,363.3423767089844,9,2197.265625,1037.109375,baseline
511.0,56.0,3.8847882747650146,191.34786987304688,580.464111328125,440.1412658691406,54,328.125,2994.140625,baseline
127.0,158.0,1.0,201.04489135742188,353.6117248535156,296.38702392578125,9,925.78125,744.140625,baseline
428.0,87.0,3.8847882747650146,405.5973205566406,591.4967651367188,485.1875915527344,97,509.765625,2507.8125,baseline
47.0,58.0,1.0,256.13055419921875,338.037353515625,289.3392333984375,9,339.84375,275.390625,baseline
107.0,326.0,1.0,358.79286193847656,348.6556091308594,164.6331024169922,9,1910.15625,626.953125,baseline
443.0,117.0,1.0,224.86346435546875,468.5987548828125,428.6429443359375,9,685.546875,2595.703125,baseline
370.0,499.0,1.0,243.375244140625,1311.8358154296875,1188.16455078125,9,2923.828125,2167.96875,baseline
462.0,117.0,1.0,208.33206176757812,324.4463195800781,206.89694213867188,9,685.546875,2707.03125,baseline
408.0,171.0,2.923192024230957,283.42938232421875,476.0770568847656,324.9630126953125,57,1001.953125,2390.625,baseline
42.0,66.0,1.0,169.44976806640625,596.874755859375,536.4561767578125,9,386.71875,246.09375,baseline
309.0,420.0,1.0,269.6979675292969,460.7082214355469,274.5635681152344,9,2460.9375,1810.546875,baseline
425.0,207.0,1.0,420.1242980957031,583.9594116210938,379.9878845214844,9,1212.890625,2490.234375,baseline
327.0,156.0,1.0,206.89639282226562,378.288330078125,265.28302001953125,9,914.0625,1916.015625,baseline
242.0,51.0,1.0,329.91455078125,733.1394653320312,472.753173828125,9,298.828125,1417.96875,baseline
70.0,62.0,2.923192024230957,214.750244140625,532.8577270507812,409.4215087890625,57,363.28125,410.15625,baseline
4.0,420.0,1.0,287.3494873046875,516.0269165039062,332.3824462890625,9,2460.9375,23.4375,baseline
166.0,362.0,1.0,295.9145202636719,523.8635864257812,362.7210388183594,9,2121.09375,972.65625,baseline
213.0,214.0,1.0,170.7596435546875,302.26519775390625,286.2259521484375,9,1253.90625,1248.046875,baseline
435.0,196.0,1.0,263.28753662109375,361.9187927246094,368.69110107421875,9,1148.4375,2548.828125,baseline
285.0,393.0,1.0,218.04608154296875,383.8719787597656,342.594482421875,9,2302.734375,1669.921875,baseline
198.0,325.0,1.9615960121154785,289.4604797363281,514.5040283203125,316.3976135253906,21,1904.296875,1160.15625,baseline
419.0,236.0,1.0,492.06683349609375,606.0321044921875,366.87884521484375,9,1382.8125,2455.078125,baseline
399.0,492.0,1.0,291.27294921875,426.6984558105469,343.42901611328125,9,2882.8125,2337.890625,baseline
145.0,403.0,1.9615960121154785,238.7105712890625,481.5891418457031,327.6719970703125,21,2361.328125,849.609375,baseline
0.0,163.0,1.9615960121154785,230.9202423095703,420.40625,238.98936462402344,13,955.078125,0.0,baseline
405.0,371.0,1.0,247.8521728515625,416.3936767578125,317.87371826171875,9,2173.828125,2373.046875,baseline
289.0,81.0,1.0,264.33465576171875,457.6096496582031,389.82818603515625,9,474.609375,1693.359375,baseline
116.0,403.0,1.0,425.26536560058594,428.14947509765625,254.35023498535156,9,2361.328125,679.6875,baseline
105.0,211.0,3.8847882747650146,381.6168212890625,429.9645690917969,277.506591796875,97,1236.328125,615.234375,baseline
274.0,332.0,2.923192024230957,372.6492004394531,395.9962158203125,250.08663940429688,57,1945.3125,1605.46875,baseline
345.0,341.0,1.0,142.15316772460938,541.0325317382812,428.5177307128906,9,1998.046875,2021.484375,baseline
156.0,289.0,1.0,134.95956420898438,270.69757080078125,269.52886962890625,9,1693.359375,914.0625,baseline
165.0,339.0,1.0,183.88510131835938,530.6765747070312,416.4678039550781,9,1986.328125,966.796875,baseline
496.0,366.0,1.0,263.520263671875,421.9922790527344,257.68951416015625,9,2144.53125,2906.25,baseline
292.0,177.0,1.0,163.80062866210938,366.82110595703125,275.0006103515625,9,1037.109375,1710.9375,baseline
368.0,495.0,1.0,217.15411376953125,937.1049194335938,931.8231811523438,9,2900.390625,2156.25,baseline
387.0,459.0,1.9615960121154785,221.95062255859375,645.3760986328125,520.1655883789062,21,2689.453125,2267.578125,baseline
196.0,307.0,1.9615960121154785,402.90850830078125,510.70123291015625,339.0672607421875,21,1798.828125,1148.4375,baseline
111.0,325.0,1.0,339.15411376953125,354.6876525878906,186.25897216796875,9,1904.296875,650.390625,baseline
350.0,177.0,1.0,203.168212890625,571.1921997070312,425.63519287109375,9,1037.109375,2050.78125,baseline
390.0,425.0,1.0,157.2618408203125,321.3551025390625,321.744140625,9,2490.234375,2285.15625,baseline
187.0,117.0,1.0,321.1102294921875,651.5363159179688,535.2283935546875,9,685.546875,1095.703125,baseline
218.0,54.0,1.9615960121154785,373.60052490234375,486.84375,305.27215576171875,21,316.40625,1277.34375,baseline
511.0,147.0,1.0,281.0394592285156,598.0404663085938,459.4799499511719,6,861.328125,2994.140625,baseline
61.0,111.0,1.0,261.54754638671875,462.0852355957031,302.25714111328125,9,650.390625,357.421875,baseline
289.0,463.0,1.0,221.43450927734375,406.52349853515625,321.9107666015625,9,2712.890625,1693.359375,baseline
405.0,426.0,1.0,184.59783935546875,491.9147033691406,347.8538818359375,9,2496.09375,2373.046875,baseline
304.0,491.0,1.0,215.38946533203125,440.261962890625,308.45196533203125,9,2876.953125,1781.25,baseline
499.0,166.0,1.9615960121154785,347.3827819824219,488.899169921875,318.1809387207031,21,972.65625,2923.828125,baseline
120.0,308.0,1.0,368.5391845703125,446.2166748046875,214.40167236328125,9,1804.6875,703.125,baseline
63.0,65.0,1.0,102.786376953125,486.7063903808594,444.245849609375,9,380.859375,369.140625,baseline
255.0,412.0,1.0,199.61477661132812,307.7934265136719,286.6845703125,9,2414.0625,1494.140625,baseline
352.0,484.0,1.0,313.09466552734375,443.99237060546875,426.06842041015625,9,2835.9375,2062.5,baseline
151.0,429.0,1.0,225.87806701660156,296.0924072265625,231.12672424316406,9,2513.671875,884.765625,baseline
41.0,386.0,1.0,408.675537109375,627.607421875,425.2391357421875,9,2261.71875,240.234375,baseline
361.0,362.0,1.0,242.1444091796875,390.74371337890625,283.01776123046875,9,2121.09375,2115.234375,baseline
253.0,241.0,1.9615960121154785,253.6353759765625,295.37896728515625,166.49368286132812,21,1412.109375,1482.421875,baseline
42.0,345.0,2.923192024230957,320.14447021484375,452.6504821777344,266.24627685546875,57,2021.484375,246.09375,baseline
116.0,323.0,1.0,239.4742889404297,330.02313232421875,250.90785217285156,9,1892.578125,679.6875,baseline
511.0,373.0,1.0,183.0309600830078,298.50128173828125,238.51564025878906,6,2185.546875,2994.140625,baseline
445.0,330.0,1.0,235.01068115234375,560.0426025390625,441.48834228515625,9,1933.59375,2607.421875,baseline
315.0,24.0,1.9615960121154785,285.0626525878906,596.1106567382812,468.0964050292969,21,140.625,1845.703125,baseline
447.0,387.0,1.0,321.412109375,269.31854248046875,234.00421142578125,9,2267.578125,2619.140625,baseline
427.0,181.0,1.0,342.8199157714844,603.4149169921875,368.2627258300781,9,1060.546875,2501.953125,baseline
294.0,232.0,1.0,150.00723266601562,299.2496337890625,337.7908630371094,9,1359.375,1722.65625,baseline
286.0,168.0,1.0,191.4483642578125,395.3689270019531,310.90185546875,9,984.375,1675.78125,baseline
484.0,287.0,1.0,164.93258666992188,385.79571533203125,301.73297119140625,9,1681.640625,2835.9375,baseline
104.0,84.0,1.9615960121154785,292.24725341796875,429.8953552246094,258.86651611328125,21,492.1875,609.375,baseline
385.0,69.0,1.0,126.700927734375,460.12445068359375,425.531982421875,9,404.296875,2255.859375,baseline
488.0,342.0,1.0,252.1788330078125,450.2947692871094,353.72357177734375,9,2003.90625,2859.375,baseline
278.0,262.0,1.0,280.8264465332031,583.6837768554688,406.5177917480469,9,1535.15625,1628.90625,baseline
336.0,319.0,1.0,263.8665771484375,440.748046875,363.84844970703125,9,1869.140625,1968.75,baseline
206.0,283.0,1.0,298.98114013671875,296.4676513671875,189.3687744140625,9,1658.203125,1207.03125,baseline
336.0,169.0,1.0,305.12615966796875,526.5797729492188,337.919189453125,9,990.234375,1968.75,baseline
114.0,372.0,1.0,256.24542236328125,364.5928955078125,219.84024047851562,9,2179.6875,667.96875,baseline
354.0,425.0,1.0,322.5107421875,523.8211059570312,352.84716796875,9,2490.234375,2074.21875,baseline
474.0,170.0,1.0,163.65036010742188,428.4903869628906,430.8758239746094,9,996.09375,2777.34375,baseline
0.0,26.0,5.807980537414551,197.124267578125,419.26922607421875,313.8757629394531,115,152.34375,0.0,baseline
131.0,99.0,1.0,429.58770751953125,514.9406127929688,318.8642578125,9,580.078125,767.578125,baseline
351.0,107.0,1.9615960121154785,285.95281982421875,423.1147766113281,262.8126220703125,21,626.953125,2056.640625,baseline
325.0,50.0,1.0,268.6671142578125,355.2696533203125,340.37969970703125,9,292.96875,1904.296875,baseline
192.0,144.0,1.9615960121154785,283.8478698730469,598.1637573242188,447.4971008300781,21,843.75,1125.0,baseline
398.0,495.0,1.9615960121154785,270.993896484375,481.4580078125,349.2979736328125,21,2900.390625,2332.03125,baseline
275.0,92.0,1.0,216.66757202148438,341.9359436035156,262.3497619628906,9,539.0625,1611.328125,baseline
478.0,453.0,1.0,348.9850769042969,720.127197265625,481.1264953613281,9,2654.296875,2800.78125,baseline
350.0,79.0,1.0,345.1136474609375,636.0161743164062,416.755615234375,9,462.890625,2050.78125,baseline
433.0,476.0,1.9615960121154785,202.9852294921875,439.007080078125,341.2529296875,21,2789.0625,2537.109375,baseline
318.0,50.0,1.0,176.14410400390625,593.8855590820312,487.59466552734375,9,292.96875,1863.28125,baseline
502.0,270.0,1.0,236.27587890625,412.1439208984375,348.50042724609375,9,1582.03125,2941.40625,baseline
370.0,176.0,1.0,319.95330810546875,434.5802307128906,322.95123291015625,9,1031.25,2167.96875,baseline
218.0,246.0,1.0,228.085693359375,261.5994873046875,259.554443359375,9,1441.40625,1277.34375,baseline
410.0,265.0,1.0,220.26507568359375,431.66021728515625,307.554443359375,9,1552.734375,2402.34375,baseline
110.0,145.0,1.9615960121154785,254.5975341796875,465.4339599609375,305.3040771484375,21,849.609375,644.53125,baseline
441.0,346.0,1.0,232.3818359375,406.31744384765625,371.6964111328125,9,2027.34375,2583.984375,baseline
417.0,271.0,1.0,190.8995361328125,358.1533203125,305.1795654296875,9,1587.890625,2443.359375,baseline
45.0,16.0,1.9615960121154785,324.5726318359375,576.0911254882812,433.9852294921875,21,93.75,263.671875,baseline
121.0,90.0,1.0,189.18209838867188,470.4240417480469,435.8023376464844,9,527.34375,708.984375,baseline
456.0,476.0,1.0,353.45867919921875,506.9425354003906,320.193115234375,9,2789.0625,2671.875,baseline
451.0,253.0,1.0,350.5961608886719,580.97802734375,338.4338684082031,9,1482.421875,2642.578125,baseline
187.0,358.0,1.0,370.79058837890625,480.3458251953125,333.05426025390625,9,2097.65625,1095.703125,baseline
77.0,402.0,1.0,195.50051879882812,391.3433532714844,306.5787658691406,9,2355.46875,451.171875,baseline
391.0,15.0,1.0,189.45428466796875,392.5860900878906,261.7462158203125,9,87.890625,2291.015625,baseline
214.0,198.0,1.9615960121154785,255.3919677734375,449.07110595703125,296.20880126953125,21,1160.15625,1253.90625,baseline
308.0,315.0,1.0,216.1180419921875,332.26934814453125,269.79998779296875,9,1845.703125,1804.6875,baseline
158.0,439.0,1.0,377.71807861328125,502.3846435546875,356.07415771484375,9,2572.265625,925.78125,baseline
470.0,232.0,2.923192024230957,186.1666259765625,465.10498046875,381.06280517578125,57,1359.375,2753.90625,baseline
29.0,82.0,2.923192024230957,205.55670166015625,477.7223205566406,370.54327392578125,57,480.46875,169.921875,baseline
17.0,91.0,1.0,263.92242431640625,403.7928161621094,307.50775146484375,9,533.203125,99.609375,baseline
474.0,175.0,1.0,158.34466552734375,348.4979248046875,368.5938720703125,9,1025.390625,2777.34375,baseline
126.0,505.0,1.9615960121154785,235.22735595703125,473.95391845703125,281.7474365234375,21,2958.984375,738.28125,baseline
262.0,369.0,1.0,220.528076171875,398.1193542480469,257.8072509765625,9,2162.109375,1535.15625,baseline
306.0,469.0,1.0,236.98431396484375,470.2893371582031,325.24700927734375,9,2748.046875,1792.96875,baseline
267.0,202.0,1.0,188.43536376953125,484.39788818359375,379.75372314453125,9,1183.59375,1564.453125,baseline
511.0,120.0,6.769576549530029,312.8440246582031,503.3023986816406,436.5526428222656,156,703.125,2994.140625,baseline
285.0,425.0,1.0,217.69143676757812,461.7960205078125,322.5326232910156,9,2490.234375,1669.921875,baseline
292.0,93.0,1.0,272.7539978027344,587.549072265625,432.0808410644531,9,544.921875,1710.9375,baseline
511.0,489.0,1.9615960121154785,218.06295776367188,450.8258972167969,345.8335876464844,13,2865.234375,2994.140625,baseline
405.0,452.0,1.0,253.83602905273438,548.3370361328125,424.5925598144531,9,2648.4375,2373.046875,baseline
188.0,342.0,1.0,264.5588684082031,562.872314453125,381.0207214355469,9,2003.90625,1101.5625,baseline
16.0,483.0,1.9615960121154785,290.35589599609375,484.8811950683594,261.6082763671875,21,2830.078125,93.75,baseline
395.0,207.0,1.0,258.13031005859375,361.20941162109375,288.45880126953125,9,1212.890625,2314.453125,baseline
136.0,355.0,1.0,293.24298095703125,395.7770080566406,217.1875,9,2080.078125,796.875,baseline
451.0,278.0,1.0,198.3692626953125,451.9582214355469,335.32794189453125,9,1628.90625,2642.578125,baseline
287.0,140.0,1.9615960121154785,220.3450927734375,435.1311950683594,321.47918701171875,21,820.3125,1681.640625,baseline
0.0,154.0,1.9615960121154785,194.04330444335938,368.81707763671875,216.22055053710938,13,902.34375,0.0,baseline
384.0,453.0,1.0,97.3936767578125,582.5233764648438,559.7794799804688,9,2654.296875,2250.0,baseline
226.0,357.0,1.0,264.15435791015625,424.6930236816406,281.37445068359375,9,2091.796875,1324.21875,baseline
389.0,275.0,1.0,294.796875,483.0758361816406,323.138427734375,9,1611.328125,2279.296875,baseline
498.0,117.0,1.0,181.64743041992188,391.98779296875,351.7478332519531,9,685.546875,2917.96875,baseline
358.0,492.0,1.0,88.23797607421875,849.7946166992188,946.7659301757812,9,2882.8125,2097.65625,baseline
361.0,44.0,1.0,330.45379638671875,598.9752807617188,442.3470458984375,9,257.8125,2115.234375,baseline
311.0,268.0,1.0,198.7388916015625,377.9118347167969,298.82562255859375,9,1570.3125,1822.265625,baseline
46.0,9.0,1.0,210.73336791992188,347.9016418457031,281.26708984375,9,52.734375,269.53125,baseline
261.0,347.0,1.0,240.34841918945312,380.9684753417969,292.8719177246094,9,2033.203125,1529.296875,baseline
494.0,498.0,1.0,285.2837829589844,531.1063842773438,335.3080749511719,9,2917.96875,2894.53125,baseline
0.0,109.0,5.807980537414551,169.40179443359375,506.09796142578125,389.5303955078125,115,638.671875,0.0,baseline
504.0,130.0,1.0,214.1700439453125,545.4490356445312,425.7598876953125,9,761.71875,2953.125,baseline
284.0,205.0,1.0,234.33111572265625,454.1407775878906,334.27203369140625,9,1201.171875,1664.0625,baseline
167.0,249.0,1.0,179.91131591796875,462.5016784667969,323.7131042480469,9,1458.984375,978.515625,baseline
292.0,334.0,1.0,243.535888671875,427.71539306640625,298.230712890625,9,1957.03125,1710.9375,baseline
305.0,311.0,1.0,156.40328979492188,324.8310852050781,276.7197265625,9,1822.265625,1787.109375,baseline
204.0,8.0,1.9615960121154785,315.02618408203125,363.6424560546875,203.35687255859375,21,46.875,1195.3125,baseline
125.0,470.0,1.0,182.693359375,420.66845703125,329.0740966796875,9,2753.90625,732.421875,baseline
509.0,185.0,1.0,282.3543395996094,547.396240234375,352.4281311035156,9,1083.984375,2982.421875,baseline
414.0,101.0,1.0,213.1358642578125,473.9509582519531,388.5074462890625,9,591.796875,2425.78125,baseline
122.0,321.0,1.9615960121154785,244.99423217773438,420.1676330566406,269.0726013183594,21,1880.859375,714.84375,baseline
184.0,123.0,1.0,243.1439208984375,644.2581176757812,496.39947509765625,9,720.703125,1078.125,baseline
334.0,79.0,1.0,191.99835205078125,340.8017578125,327.3212890625,9,462.890625,1957.03125,baseline
112.0,80.0,1.0,195.789306640625,632.7213745117188,570.8319702148438,9,468.75,656.25,baseline
263.0,463.0,1.0,224.94552612304688,521.1181640625,383.9289855957031,9,2712.890625,1541.015625,baseline
509.0,180.0,1.0,206.88607788085938,408.7685852050781,378.5816955566406,9,1054.6875,2982.421875,baseline
217.0,166.0,1.0,185.4071044921875,489.5828552246094,442.66094970703125,9,972.65625,1271.484375,baseline
337.0,76.0,1.0,210.8359375,547.6879272460938,397.54437255859375,9,445.3125,1974.609375,baseline
187.0,29.0,1.0,219.22796630859375,398.879638671875,330.36712646484375,9,169.921875,1095.703125,baseline
411.0,244.0,1.9615960121154785,293.1654052734375,423.55462646484375,294.51226806640625,21,1429.6875,2408.203125,baseline
35.0,117.0,1.0,217.59524536132812,297.0233459472656,289.4797058105469,9,685.546875,205.078125,baseline
313.0,263.0,1.0,271.03497314453125,385.67718505859375,309.54345703125,9,1541.015625,1833.984375,baseline
81.0,449.0,1.0,330.4363708496094,219.29783630371094,186.46969604492188,9,2630.859375,474.609375,baseline
278.0,467.0,2.923192024230957,196.24591064453125,477.09033203125,362.81329345703125,57,2736.328125,1628.90625,baseline
481.0,302.0,1.0,159.7596435546875,413.2402038574219,377.30047607421875,9,1769.53125,2818.359375,baseline
409.0,301.0,1.0,127.0543212890625,458.5223388671875,408.7596435546875,9,1763.671875,2396.484375,baseline
370.0,114.0,1.0,340.7201843261719,351.8919677734375,272.1802673339844,9,667.96875,2167.96875,baseline
447.0,223.0,1.0,203.71286010742188,365.8370056152344,374.8152770996094,9,1306.640625,2619.140625,baseline
445.0,233.0,1.0,132.75588989257812,446.2550964355469,423.6863098144531,9,1365.234375,2607.421875,baseline
333.0,197.0,1.0,140.86322021484375,419.5959167480469,320.910888671875,9,1154.296875,1951.171875,baseline
317.0,470.0,1.0,139.86358642578125,293.875,282.03277587890625,9,2753.90625,1857.421875,baseline
326.0,425.0,1.0,187.23880004882812,372.4822692871094,420.1573181152344,9,2490.234375,1910.15625,baseline
143.0,25.0,1.0,355.4117889404297,461.0011901855469,203.06593322753906,9,146.484375,837.890625,baseline
383.0,319.0,1.0,91.2496337890625,366.8872985839844,446.62139892578125,9,1869.140625,2244.140625,baseline
245.0,505.0,1.0,259.9419860839844,240.73773193359375,152.57568359375,9,2958.984375,1435.546875,baseline
281.0,202.0,1.0,243.63174438476562,399.1975402832031,357.7853088378906,9,1183.59375,1646.484375,baseline
510.0,46.0,1.0,98.38629150390625,553.2593383789062,556.3719482421875,9,269.53125,2988.28125,baseline
278.0,218.0,1.0,186.34796142578125,325.0608215332031,350.03302001953125,9,1277.34375,1628.90625,baseline
328.0,204.0,1.0,416.9498596191406,660.4218139648438,406.6266174316406,9,1195.3125,1921.875,baseline
159.0,382.0,1.0,283.42999267578125,549.0894165039062,378.562255859375,9,2238.28125,931.640625,baseline
374.0,201.0,1.0,101.07757568359375,483.08349609375,531.6409912109375,9,1177.734375,2191.40625,baseline
184.0,447.0,5.807980537414551,458.16998291015625,422.7593078613281,313.55218505859375,213,2619.140625,1078.125,baseline
262.0,285.0,1.0,308.60430908203125,616.927978515625,422.36968994140625,9,1669.921875,1535.15625,baseline
332.0,437.0,1.0,225.71774291992188,418.7895202636719,343.9485778808594,9,2560.546875,1945.3125,baseline
388.0,315.0,1.0,174.76943969726562,490.2535705566406,446.0000305175781,9,1845.703125,2273.4375,baseline
343.0,406.0,1.0,202.07101440429688,372.95733642578125,389.8171691894531,9,2378.90625,2009.765625,baseline
375.0,371.0,1.0,333.1181335449219,591.9024658203125,390.8874206542969,9,2173.828125,2197.265625,baseline
78.0,418.0,1.0,265.4633026123047,425.2762145996094,246.9084014892578,9,2449.21875,457.03125,baseline
504.0,271.0,1.0,238.9083251953125,448.9176025390625,345.86798095703125,9,1587.890625,2953.125,baseline
75.0,35.0,1.0,350.5379943847656,460.3131408691406,303.4151306152344,9,205.078125,439.453125,baseline
470.0,397.0,1.0,212.76309204101562,322.35150146484375,261.9197692871094,9,2326.171875,2753.90625,baseline
80.0,225.0,1.0,242.6378173828125,343.9304504394531,251.98129272460938,9,1318.359375,468.75,baseline
402.0,138.0,1.0,165.71548461914062,358.7398986816406,297.09832763671875,9,808.59375,2355.46875,baseline
134.0,344.0,1.0,181.97015380859375,276.7537841796875,197.29806518554688,9,2015.625,785.15625,baseline
128.0,175.0,1.0,253.20579528808594,215.20199584960938,193.29310607910156,9,1025.390625,750.0,baseline
312.0,291.0,1.0,319.693359375,474.3277893066406,303.6488037109375,9,1705.078125,1828.125,baseline
353.0,372.0,1.0,285.83673095703125,597.2421875,417.61492919921875,9,2179.6875,2068.359375,baseline
389.0,64.0,1.0,108.536865234375,386.1725769042969,403.9759521484375,9,375.0,2279.296875,baseline
199.0,101.0,1.0,141.58670043945312,473.736328125,413.4010925292969,9,591.796875,1166.015625,baseline
135.0,335.0,2.923192024230957,281.0302734375,415.91937255859375,305.49755859375,57,1962.890625,791.015625,baseline
128.0,169.0,1.9615960121154785,279.33697509765625,371.2752380371094,223.642822265625,21,990.234375,750.0,baseline
